Date,Baseline,BBP & OBV & RSI & AU & WPR,BBP & OBV & RSI & AD & WPR,BBP & OBV & RSI & S & WPR,BBP & OBV & AU & AD & WPR,BBP & OBV & AU & S & WPR,BBP & OBV & AD & S & WPR,BBP & RSI & AU & AD & WPR,BBP & RSI & AU & S & WPR,BBP & RSI & AD & S & WPR,BBP & AU & AD & S & WPR,OBV & RSI & AU & AD & WPR,OBV & RSI & AU & S & WPR,OBV & RSI & AD & S & WPR,OBV & AU & AD & S & WPR,RSI & AU & AD & S & WPR
2018-01-02,0.0,0.0,0.0,0.0,0.0,0.0,0.0,0.0,0.0,0.0,0.0,0.0,0.0,0.0,0.0,0.0
2018-01-03,460.0,460.0,460.0,460.0,460.0,460.0,460.0,460.0,460.0,460.0,460.0,-460.0,460.0,460.0,460.0,460.0
2018-01-04,410.0,410.0,410.0,410.0,410.0,410.0,410.0,410.0,410.0,410.0,410.0,-410.0,410.0,410.0,410.0,410.0
2018-01-05,-180.0,-180.0,-180.0,-180.0,-180.0,-180.0,-180.0,-180.0,-180.0,-180.0,-180.0,180.0,-180.0,-180.0,-180.0,-180.0
2018-01-08,-1740.0,-1740.0,-1740.0,-1740.0,-1740.0,-1740.0,-1740.0,-1740.0,-1740.0,-1740.0,-1740.0,1740.0,-1740.0,-1740.0,-1740.0,-1740.0
2018-01-09,-1810.0,-1810.0,-1810.0,-1810.0,-1810.0,-1810.0,-1810.0,-1810.0,-1810.0,-1810.0,-1810.0,1810.0,-1810.0,-1810.0,-1810.0,-1810.0
2018-01-10,-2270.0,-2270.0,-2270.0,-2270.0,-2270.0,-2270.0,-2270.0,-2270.0,-2270.0,-2270.0,-2270.0,2270.0,-2270.0,-2270.0,-2270.0,-2270.0
2018-01-11,-790.0,-790.0,-790.0,-790.0,-790.0,-790.0,-790.0,-790.0,-790.0,-790.0,-790.0,790.0,-790.0,-790.0,-790.0,-790.0
2018-01-12,650.0,650.0,650.0,650.0,650.0,650.0,650.0,650.0,650.0,650.0,650.0,-650.0,650.0,650.0,650.0,650.0
2018-01-16,-1080.0,-1080.0,-1080.0,-1080.0,-1080.0,-1080.0,-1080.0,-1080.0,-1080.0,-1080.0,-1080.0,1080.0,-1080.0,-1080.0,-1080.0,-1080.0
2018-01-17,160.0,160.0,160.0,160.0,160.0,160.0,160.0,160.0,160.0,160.0,160.0,-160.0,160.0,160.0,160.0,160.0
2018-01-18,-1350.0,-1350.0,-1350.0,-1350.0,-1350.0,-1350.0,-1350.0,-1350.0,-1350.0,-1350.0,-1350.0,1350.0,-1350.0,-1350.0,-1350.0,-1350.0
2018-01-19,-1180.0,-1180.0,-1180.0,-1180.0,-1180.0,-1180.0,-1180.0,-1180.0,-1180.0,-1180.0,-1180.0,1180.0,-1180.0,-1180.0,-1180.0,-1180.0
2018-01-22,-680.0,-680.0,-680.0,-680.0,-680.0,-680.0,-680.0,-680.0,-680.0,-680.0,-680.0,680.0,-680.0,-680.0,-680.0,-680.0
2018-01-23,-1360.0,-1360.0,-1360.0,-1360.0,-1360.0,-1360.0,-1360.0,-1360.0,-1360.0,-1360.0,-1360.0,1360.0,-1360.0,-1360.0,-1360.0,-1360.0
2018-01-24,-1270.0,-1270.0,-1270.0,-1270.0,-1270.0,-1270.0,-1270.0,-1270.0,-1270.0,-1270.0,-1270.0,1270.0,-1270.0,-1270.0,-1270.0,-1270.0
2018-01-25,-1220.0,-1220.0,-1220.0,-1220.0,-1220.0,-1220.0,-1220.0,-1220.0,-1220.0,-1220.0,-1220.0,1220.0,-1220.0,-1220.0,-1220.0,-1220.0
2018-01-26,380.0,380.0,380.0,380.0,380.0,380.0,380.0,380.0,380.0,380.0,380.0,-380.0,380.0,380.0,380.0,380.0
2018-01-29,-260.0,-260.0,-260.0,-260.0,-260.0,-260.0,-260.0,-260.0,-260.0,-260.0,-260.0,260.0,-260.0,-260.0,-260.0,-260.0
2018-01-30,-1650.0,-1650.0,-1650.0,-1650.0,-1650.0,-1650.0,-1650.0,-1650.0,-1650.0,-1650.0,-1650.0,260.0,-1650.0,-1650.0,-1650.0,-1650.0
2018-01-31,-3050.0,-3050.0,-3050.0,-3050.0,-3050.0,-3050.0,-3050.0,-3050.0,-3050.0,-3050.0,-3050.0,-1140.0,-3050.0,-3050.0,-3050.0,-3050.0
2018-02-01,-1280.0,-1280.0,-1280.0,-1280.0,-1280.0,-1280.0,-1280.0,-1280.0,-1280.0,-1280.0,-1280.0,630.0,-1280.0,-1280.0,-1280.0,-1280.0
2018-02-02,-3020.0,-3020.0,-3020.0,-3020.0,-3020.0,-3020.0,-3020.0,-3020.0,-3020.0,-3020.0,-3020.0,-1110.0,-3020.0,-3020.0,-3020.0,-3020.0
2018-02-05,-6910.0,-6910.0,-6910.0,-6910.0,-6910.0,-6910.0,-6910.0,-6910.0,-6910.0,-6910.0,-6910.0,-5000.0,-6910.0,-6910.0,-6910.0,-6910.0
2018-02-06,-5480.0,-5480.0,-5480.0,-5480.0,-5480.0,-5480.0,-5480.0,-5480.0,-5480.0,-5480.0,-5480.0,-3570.0,-5480.0,-5480.0,-5480.0,-5480.0
2018-02-07,-6850.0,-6850.0,-6850.0,-6850.0,-6850.0,-6850.0,-6850.0,-6850.0,-6850.0,-6850.0,-6850.0,-2200.0,-6850.0,-6850.0,-6850.0,-6850.0
2018-02-08,-10170.0,-10170.0,-10170.0,-10170.0,-10170.0,-10170.0,-10170.0,-10170.0,-10170.0,-10170.0,-10170.0,1120.0,-10170.0,-10170.0,-10170.0,-6850.0
2018-02-09,-8470.0,-8470.0,-8470.0,-8470.0,-8470.0,-8470.0,-8470.0,-8470.0,-8470.0,-8470.0,-8470.0,-580.0,-8470.0,-8470.0,-8470.0,-6850.0
2018-02-12,-8180.0,-8180.0,-8180.0,-8180.0,-8180.0,-8180.0,-8180.0,-8180.0,-8180.0,-8180.0,-8180.0,-870.0,-8180.0,-8180.0,-8180.0,-6560.0
2018-02-13,-7470.0,-7470.0,-7470.0,-7470.0,-7470.0,-7470.0,-7470.0,-7470.0,-7470.0,-7470.0,-7470.0,-870.0,-7470.0,-7470.0,-7470.0,-5850.0
2018-02-14,-7010.0,-7010.0,-7010.0,-7010.0,-7010.0,-7010.0,-7010.0,-7010.0,-7010.0,-7010.0,-7010.0,-410.0,-7010.0,-7010.0,-7010.0,-5390.0
2018-02-15,-6440.0,-6440.0,-6440.0,-6440.0,-6440.0,-6440.0,-6440.0,-6440.0,-6440.0,-6440.0,-6440.0,160.0,-6440.0,-6440.0,-6440.0,-4820.0
2018-02-16,-5130.0,-5130.0,-5130.0,-5130.0,-5130.0,-5130.0,-5130.0,-5130.0,-5130.0,-5130.0,-5130.0,1470.0,-5130.0,-5130.0,-5130.0,-3510.0
2018-02-20,-5660.0,-5660.0,-5660.0,-5660.0,-5660.0,-5660.0,-5660.0,-5660.0,-5660.0,-5660.0,-5660.0,940.0,-5660.0,-5660.0,-5660.0,-4040.0
2018-02-21,-6570.0,-6570.0,-6570.0,-6570.0,-6570.0,-6570.0,-6570.0,-6570.0,-6570.0,-6570.0,-6570.0,30.0,-6570.0,-6570.0,-6570.0,-4950.0
2018-02-22,-6380.0,-6380.0,-6380.0,-6380.0,-6380.0,-6380.0,-6380.0,-6380.0,-6380.0,-6380.0,-6380.0,220.0,-6380.0,-6380.0,-6380.0,-4760.0
2018-02-23,-4430.0,-4430.0,-4430.0,-4430.0,-4430.0,-4430.0,-4430.0,-4430.0,-4430.0,-4430.0,-4430.0,2170.0,-4430.0,-4430.0,-4430.0,-2810.0
2018-02-26,-1940.0,-1940.0,-1940.0,-1940.0,-1940.0,-1940.0,-1940.0,-1940.0,-1940.0,-1940.0,-1940.0,4660.0,-1940.0,-1940.0,-1940.0,-320.0
2018-02-27,-6740.0,-6740.0,-6740.0,-6740.0,-6740.0,-6740.0,-6740.0,-6740.0,-6740.0,-6740.0,-6740.0,-140.0,-6740.0,-6740.0,-6740.0,-5120.0
2018-02-28,-8410.0,-8410.0,-8410.0,-8410.0,-8410.0,-8410.0,-8410.0,-8410.0,-8410.0,-8410.0,-8410.0,-1810.0,-8410.0,-8410.0,-8410.0,-6790.0
2018-03-01,-8980.0,-8980.0,-8980.0,-8980.0,-8980.0,-8980.0,-8980.0,-8980.0,-8980.0,-8980.0,-8980.0,-1810.0,-8980.0,-8980.0,-8980.0,-7360.0
2018-03-02,-8570.0,-8570.0,-8570.0,-8570.0,-8570.0,-8570.0,-8570.0,-8570.0,-8570.0,-8570.0,-8570.0,-1810.0,-8570.0,-8570.0,-8570.0,-7360.0
2018-03-05,-8160.0,-8160.0,-8160.0,-8160.0,-8160.0,-8160.0,-8160.0,-8160.0,-8160.0,-8160.0,-8160.0,-1810.0,-8160.0,-8160.0,-8160.0,-7360.0
2018-03-06,-6680.0,-6680.0,-6680.0,-6680.0,-6680.0,-6680.0,-6680.0,-6680.0,-6680.0,-6680.0,-6680.0,-1810.0,-6680.0,-6680.0,-6680.0,-5880.0
2018-03-07,-7990.0,-7990.0,-7990.0,-7990.0,-7990.0,-7990.0,-7990.0,-7990.0,-7990.0,-7990.0,-7990.0,-1810.0,-7990.0,-7990.0,-7990.0,-7190.0
2018-03-08,-7560.0,-7560.0,-7560.0,-7560.0,-7560.0,-7560.0,-7560.0,-7560.0,-7560.0,-7560.0,-7560.0,-2240.0,-7560.0,-7560.0,-7560.0,-6760.0
2018-03-09,-6880.0,-6880.0,-6880.0,-6880.0,-6880.0,-6880.0,-6880.0,-6880.0,-6880.0,-6880.0,-6880.0,-2920.0,-6880.0,-6880.0,-6880.0,-6080.0
2018-03-12,-6450.0,-6450.0,-6450.0,-6450.0,-6450.0,-6450.0,-6450.0,-6450.0,-6450.0,-6450.0,-6450.0,-3350.0,-6450.0,-6450.0,-6450.0,-5650.0
2018-03-13,-7850.0,-7850.0,-7850.0,-7850.0,-7850.0,-7850.0,-7850.0,-7850.0,-7850.0,-7850.0,-7850.0,-1950.0,-7850.0,-7850.0,-7850.0,-7050.0
2018-03-14,-7690.0,-7690.0,-7690.0,-7690.0,-7690.0,-7690.0,-7690.0,-7690.0,-7690.0,-7690.0,-7690.0,-2110.0,-7690.0,-7690.0,-7690.0,-6890.0
2018-03-15,-8330.0,-8330.0,-8330.0,-8330.0,-8330.0,-8330.0,-8330.0,-8330.0,-8330.0,-8330.0,-8330.0,-2750.0,-8330.0,-8330.0,-8330.0,-7530.0
2018-03-16,-8690.0,-8690.0,-8690.0,-8690.0,-8690.0,-8690.0,-8690.0,-8690.0,-8690.0,-8690.0,-8690.0,-3110.0,-8690.0,-8690.0,-8690.0,-7890.0
2018-03-19,-10040.0,-10040.0,-10040.0,-10040.0,-10040.0,-10040.0,-10040.0,-10040.0,-10040.0,-10040.0,-10040.0,-4460.0,-10040.0,-10040.0,-10040.0,-7890.0
2018-03-20,-10170.0,-10170.0,-10170.0,-10170.0,-10170.0,-10170.0,-10170.0,-10170.0,-10170.0,-10170.0,-10170.0,-4590.0,-10170.0,-10170.0,-10170.0,-8020.0
2018-03-21,-9710.0,-9710.0,-9710.0,-9710.0,-9710.0,-9710.0,-9710.0,-9710.0,-9710.0,-9710.0,-9710.0,-4590.0,-9710.0,-9710.0,-9710.0,-8020.0
2018-03-22,-10900.0,-10900.0,-10900.0,-10900.0,-10900.0,-10900.0,-10900.0,-10900.0,-10900.0,-10900.0,-10900.0,-3400.0,-10900.0,-10900.0,-10900.0,-9210.0
2018-03-23,-12900.0,-12900.0,-12900.0,-12900.0,-12900.0,-12900.0,-12900.0,-12900.0,-12900.0,-12900.0,-12900.0,-1400.0,-12900.0,-12900.0,-12900.0,-9210.0
2018-03-26,-10850.0,-10850.0,-10850.0,-10850.0,-10850.0,-10850.0,-10850.0,-10850.0,-10850.0,-10850.0,-10850.0,-3450.0,-10850.0,-10850.0,-10850.0,-9210.0
2018-03-27,-12100.0,-12100.0,-12100.0,-12100.0,-12100.0,-12100.0,-12100.0,-12100.0,-12100.0,-12100.0,-12100.0,-2200.0,-12100.0,-12100.0,-12100.0,-10460.0
2018-03-28,-12900.0,-12900.0,-12900.0,-12900.0,-12900.0,-12900.0,-12900.0,-12900.0,-12900.0,-12900.0,-12900.0,-3000.0,-12900.0,-12900.0,-12900.0,-11260.0
2018-03-29,-11050.0,-11050.0,-11050.0,-11050.0,-11050.0,-11050.0,-11050.0,-11050.0,-11050.0,-11050.0,-11050.0,-1150.0,-11050.0,-11050.0,-11050.0,-11260.0
2018-04-02,-12780.0,-12780.0,-12780.0,-12780.0,-12780.0,-12780.0,-12780.0,-12780.0,-12780.0,-12780.0,-12780.0,-2880.0,-12780.0,-12780.0,-12780.0,-12990.0
2018-04-03,-12040.0,-12040.0,-12040.0,-12040.0,-12040.0,-12040.0,-12040.0,-12040.0,-12040.0,-12040.0,-12040.0,-2140.0,-12040.0,-12040.0,-12040.0,-12990.0
2018-04-04,-10560.0,-10560.0,-10560.0,-10560.0,-10560.0,-10560.0,-10560.0,-10560.0,-10560.0,-10560.0,-10560.0,-660.0,-10560.0,-10560.0,-10560.0,-11510.0
2018-04-05,-9430.0,-9430.0,-9430.0,-9430.0,-9430.0,-9430.0,-9430.0,-9430.0,-9430.0,-9430.0,-9430.0,470.0,-9430.0,-9430.0,-9430.0,-10380.0
2018-04-06,-11140.0,-11140.0,-11140.0,-11140.0,-11140.0,-11140.0,-11140.0,-11140.0,-11140.0,-11140.0,-11140.0,470.0,-11140.0,-11140.0,-11140.0,-12090.0
2018-04-09,-11770.0,-11770.0,-11770.0,-11770.0,-11770.0,-11770.0,-11770.0,-11770.0,-11770.0,-11770.0,-11770.0,470.0,-11770.0,-11770.0,-11770.0,-12720.0
2018-04-10,-10150.0,-10150.0,-10150.0,-10150.0,-10150.0,-10150.0,-10150.0,-10150.0,-10150.0,-10150.0,-10150.0,470.0,-10150.0,-10150.0,-10150.0,-11100.0
2018-04-11,-10700.0,-10700.0,-10700.0,-10700.0,-10700.0,-10700.0,-10700.0,-10700.0,-10700.0,-10700.0,-10700.0,470.0,-10700.0,-10700.0,-10700.0,-11650.0
2018-04-12,-11100.0,-11100.0,-11100.0,-11100.0,-11100.0,-11100.0,-11100.0,-11100.0,-11100.0,-11100.0,-11100.0,470.0,-11100.0,-11100.0,-11100.0,-12050.0
2018-04-13,-11140.0,-11140.0,-11140.0,-11140.0,-11140.0,-11140.0,-11140.0,-11140.0,-11140.0,-11140.0,-11140.0,510.0,-11140.0,-11140.0,-11140.0,-12090.0
2018-04-16,-11250.0,-11250.0,-11250.0,-11250.0,-11250.0,-11250.0,-11250.0,-11250.0,-11250.0,-11250.0,-11250.0,620.0,-11250.0,-11250.0,-11250.0,-12200.0
2018-04-17,-9370.0,-9370.0,-9370.0,-9370.0,-9370.0,-9370.0,-9370.0,-9370.0,-9370.0,-9370.0,-9370.0,-1260.0,-9370.0,-9370.0,-9370.0,-10320.0
2018-04-18,-10300.0,-10300.0,-10300.0,-10300.0,-10300.0,-10300.0,-10300.0,-10300.0,-10300.0,-10300.0,-10300.0,-2190.0,-10300.0,-10300.0,-10300.0,-11250.0
2018-04-19,-10610.0,-10610.0,-10610.0,-10610.0,-10610.0,-10610.0,-10610.0,-10610.0,-10610.0,-10610.0,-10610.0,-2190.0,-10610.0,-10610.0,-10610.0,-11560.0
2018-04-20,-11250.0,-11250.0,-11250.0,-11250.0,-11250.0,-11250.0,-11250.0,-11250.0,-11250.0,-11250.0,-11250.0,-2190.0,-11250.0,-11250.0,-11250.0,-12200.0
2018-04-23,-11330.0,-11330.0,-11330.0,-11330.0,-11330.0,-11330.0,-11330.0,-11330.0,-11330.0,-11330.0,-11330.0,-2190.0,-11330.0,-11330.0,-11330.0,-12280.0
2018-04-24,-12000.0,-12000.0,-12000.0,-12000.0,-12000.0,-12000.0,-12000.0,-12000.0,-12000.0,-12000.0,-12000.0,-2190.0,-12000.0,-12000.0,-12000.0,-12950.0
2018-04-25,-10360.0,-10360.0,-10360.0,-10360.0,-10360.0,-10360.0,-10360.0,-10360.0,-10360.0,-10360.0,-10360.0,-2190.0,-10360.0,-10360.0,-10360.0,-12950.0
2018-04-26,-11640.0,-11640.0,-11640.0,-11640.0,-11640.0,-11640.0,-11640.0,-11640.0,-11640.0,-11640.0,-11640.0,-910.0,-11640.0,-11640.0,-11640.0,-14230.0
2018-04-27,-12230.0,-12230.0,-12230.0,-12230.0,-12230.0,-12230.0,-12230.0,-12230.0,-12230.0,-12230.0,-12230.0,-320.0,-12230.0,-12230.0,-12230.0,-14820.0
2018-04-30,-11160.0,-11160.0,-11160.0,-11160.0,-11160.0,-11160.0,-11160.0,-11160.0,-11160.0,-11160.0,-11160.0,-1390.0,-11160.0,-11160.0,-11160.0,-13750.0
2018-05-01,-11420.0,-11420.0,-11420.0,-11420.0,-11420.0,-11420.0,-11420.0,-11420.0,-11420.0,-11420.0,-11420.0,-1130.0,-11420.0,-11420.0,-11420.0,-14010.0
2018-05-02,-11850.0,-11850.0,-11850.0,-11850.0,-11850.0,-11850.0,-11850.0,-11850.0,-11850.0,-11850.0,-11850.0,-700.0,-11850.0,-11850.0,-11850.0,-14440.0
2018-05-03,-12690.0,-12690.0,-12690.0,-12690.0,-12690.0,-12690.0,-12690.0,-12690.0,-12690.0,-12690.0,-12690.0,-1540.0,-12690.0,-12690.0,-12690.0,-15280.0
2018-05-04,-10360.0,-10360.0,-10360.0,-10360.0,-10360.0,-10360.0,-10360.0,-10360.0,-10360.0,-10360.0,-10360.0,790.0,-10360.0,-10360.0,-10360.0,-12950.0
2018-05-07,-9070.0,-9070.0,-9070.0,-9070.0,-9070.0,-9070.0,-9070.0,-9070.0,-9070.0,-9070.0,-9070.0,2080.0,-9070.0,-9070.0,-9070.0,-11660.0
2018-05-08,-9740.0,-9740.0,-9740.0,-9740.0,-9740.0,-9740.0,-9740.0,-9740.0,-9740.0,-9740.0,-9740.0,1410.0,-9740.0,-9740.0,-9740.0,-12330.0
2018-05-09,-11510.0,-11510.0,-11510.0,-11510.0,-11510.0,-11510.0,-11510.0,-11510.0,-11510.0,-11510.0,-11510.0,-360.0,-11510.0,-11510.0,-11510.0,-14100.0
2018-05-10,-9850.0,-9850.0,-9850.0,-9850.0,-9850.0,-9850.0,-9850.0,-9850.0,-9850.0,-9850.0,-9850.0,-360.0,-9850.0,-9850.0,-9850.0,-12440.0
2018-05-11,-9470.0,-9470.0,-9470.0,-9470.0,-9470.0,-9470.0,-9470.0,-9470.0,-9470.0,-9470.0,-9470.0,-360.0,-9470.0,-9470.0,-9470.0,-12060.0
2018-05-14,-9110.0,-9110.0,-9110.0,-9110.0,-9110.0,-9110.0,-9110.0,-9110.0,-9110.0,-9110.0,-9110.0,-360.0,-9110.0,-9110.0,-9110.0,-11700.0
2018-05-15,-8640.0,-8640.0,-8640.0,-8640.0,-8640.0,-8640.0,-8640.0,-8640.0,-8640.0,-8640.0,-8640.0,-830.0,-8640.0,-8640.0,-8640.0,-11230.0
2018-05-16,-6580.0,-6580.0,-6580.0,-6580.0,-6580.0,-6580.0,-6580.0,-6580.0,-6580.0,-6580.0,-6580.0,1230.0,-6580.0,-6580.0,-6580.0,-9170.0
2018-05-17,-7260.0,-7260.0,-7260.0,-7260.0,-7260.0,-7260.0,-7260.0,-7260.0,-7260.0,-7260.0,-7260.0,550.0,-7260.0,-7260.0,-7260.0,-9850.0
2018-05-18,-7660.0,-7660.0,-7660.0,-7660.0,-7660.0,-7660.0,-7660.0,-7660.0,-7660.0,-7660.0,-7660.0,550.0,-7660.0,-7660.0,-7660.0,-10250.0
2018-05-21,-7530.0,-7530.0,-7530.0,-7530.0,-7530.0,-7530.0,-7530.0,-7530.0,-7530.0,-7530.0,-7530.0,550.0,-7530.0,-7530.0,-7530.0,-10120.0
2018-05-22,-7520.0,-7520.0,-7520.0,-7520.0,-7520.0,-7520.0,-7520.0,-7520.0,-7520.0,-7520.0,-7520.0,550.0,-7520.0,-7520.0,-7520.0,-10110.0
2018-05-23,-8670.0,-8670.0,-8670.0,-8670.0,-8670.0,-8670.0,-8670.0,-8670.0,-8670.0,-8670.0,-8670.0,550.0,-8670.0,-8670.0,-8670.0,-11260.0
2018-05-24,-9430.0,-9430.0,-9430.0,-9430.0,-9430.0,-9430.0,-9430.0,-9430.0,-9430.0,-9430.0,-9430.0,1310.0,-9430.0,-9430.0,-9430.0,-12020.0
2018-05-25,-9340.0,-9340.0,-9340.0,-9340.0,-9340.0,-9340.0,-9340.0,-9340.0,-9340.0,-9340.0,-9340.0,1220.0,-9340.0,-9340.0,-9340.0,-11930.0
2018-05-29,-11780.0,-11780.0,-11780.0,-11780.0,-11780.0,-11780.0,-11780.0,-11780.0,-11780.0,-11780.0,-11780.0,3660.0,-11780.0,-11780.0,-11780.0,-14370.0
2018-05-30,-11500.0,-11500.0,-11500.0,-11500.0,-11500.0,-11500.0,-11500.0,-11500.0,-11500.0,-11500.0,-11500.0,3380.0,-11500.0,-11500.0,-11500.0,-14370.0
2018-05-31,-11990.0,-11990.0,-11990.0,-11990.0,-11990.0,-11990.0,-11990.0,-11990.0,-11990.0,-11990.0,-11990.0,3870.0,-11990.0,-11990.0,-11990.0,-14860.0
2018-06-01,-12100.0,-12100.0,-12100.0,-12100.0,-12100.0,-12100.0,-12100.0,-12100.0,-12100.0,-12100.0,-12100.0,3980.0,-12100.0,-12100.0,-12100.0,-14860.0
2018-06-04,-11250.0,-11250.0,-11250.0,-11250.0,-11250.0,-11250.0,-11250.0,-11250.0,-11250.0,-11250.0,-11250.0,3980.0,-11250.0,-11250.0,-11250.0,-14860.0
2018-06-05,-11540.0,-11540.0,-11540.0,-11540.0,-11540.0,-11540.0,-11540.0,-11540.0,-11540.0,-11540.0,-11540.0,3690.0,-11540.0,-11540.0,-11540.0,-15150.0
2018-06-06,-9620.0,-9620.0,-9620.0,-9620.0,-9620.0,-9620.0,-9620.0,-9620.0,-9620.0,-9620.0,-9620.0,5610.0,-9620.0,-9620.0,-9620.0,-13230.0
2018-06-07,-9080.0,-9080.0,-9080.0,-9080.0,-9080.0,-9080.0,-9080.0,-9080.0,-9080.0,-9080.0,-9080.0,6150.0,-9080.0,-9080.0,-9080.0,-12690.0
2018-06-08,-7610.0,-7610.0,-7610.0,-7610.0,-7610.0,-7610.0,-7610.0,-7610.0,-7610.0,-7610.0,-7610.0,7620.0,-7610.0,-7610.0,-7610.0,-11220.0
2018-06-11,-7250.0,-7250.0,-7250.0,-7250.0,-7250.0,-7250.0,-7250.0,-7250.0,-7250.0,-7250.0,-7250.0,7620.0,-7250.0,-7250.0,-7250.0,-10860.0
2018-06-12,-7270.0,-7270.0,-7270.0,-7270.0,-7270.0,-7270.0,-7270.0,-7270.0,-7270.0,-7270.0,-7270.0,7600.0,-7270.0,-7270.0,-7270.0,-10880.0
2018-06-13,-5340.0,-5340.0,-5340.0,-5340.0,-5340.0,-5340.0,-5340.0,-5340.0,-5340.0,-5340.0,-5340.0,7600.0,-5340.0,-5340.0,-5340.0,-8950.0
2018-06-14,-2970.0,-2970.0,-2970.0,-2970.0,-2970.0,-2970.0,-2970.0,-2970.0,-2970.0,-2970.0,-2970.0,9970.0,-2970.0,-2970.0,-2970.0,-6580.0
2018-06-15,-2870.0,-2870.0,-2870.0,-2870.0,-2870.0,-2870.0,-2870.0,-2870.0,-2870.0,-2870.0,-2870.0,9970.0,-2870.0,-2870.0,-2870.0,-6480.0
2018-06-18,-4610.0,-4610.0,-4610.0,-4610.0,-4610.0,-4610.0,-4610.0,-4610.0,-4610.0,-4610.0,-4610.0,8230.0,-4610.0,-4610.0,-4610.0,-8220.0
2018-06-19,-5550.0,-5550.0,-5550.0,-5550.0,-5550.0,-5550.0,-5550.0,-5550.0,-5550.0,-5550.0,-5550.0,8230.0,-5550.0,-5550.0,-5550.0,-9160.0
2018-06-20,-4530.0,-4530.0,-4530.0,-4530.0,-4530.0,-4530.0,-4530.0,-4530.0,-4530.0,-4530.0,-4530.0,8230.0,-4530.0,-4530.0,-4530.0,-8140.0
2018-06-21,-5750.0,-5750.0,-5750.0,-5750.0,-5750.0,-5750.0,-5750.0,-5750.0,-5750.0,-5750.0,-5750.0,8230.0,-5750.0,-5750.0,-5750.0,-9360.0
2018-06-22,-5310.0,-5310.0,-5310.0,-5310.0,-5310.0,-5310.0,-5310.0,-5310.0,-5310.0,-5310.0,-5310.0,7790.0,-5310.0,-5310.0,-5310.0,-8920.0
2018-06-25,-7150.0,-7150.0,-7150.0,-7150.0,-7150.0,-7150.0,-7150.0,-7150.0,-7150.0,-7150.0,-7150.0,9630.0,-7150.0,-7150.0,-7150.0,-10760.0
2018-06-26,-7340.0,-7340.0,-7340.0,-7340.0,-7340.0,-7340.0,-7340.0,-7340.0,-7340.0,-7340.0,-7340.0,9820.0,-7340.0,-7340.0,-7340.0,-10950.0
2018-06-27,-7630.0,-7630.0,-7630.0,-7630.0,-7630.0,-7630.0,-7630.0,-7630.0,-7630.0,-7630.0,-7630.0,10110.0,-7630.0,-7630.0,-7630.0,-11240.0
2018-06-28,-6840.0,-6840.0,-6840.0,-6840.0,-6840.0,-6840.0,-6840.0,-6840.0,-6840.0,-6840.0,-6840.0,9320.0,-6840.0,-6840.0,-6840.0,-11240.0
2018-06-29,-6800.0,-6800.0,-6800.0,-6800.0,-6800.0,-6800.0,-6800.0,-6800.0,-6800.0,-6800.0,-6800.0,9280.0,-6800.0,-6800.0,-6800.0,-11200.0
2018-07-02,-6300.0,-6300.0,-6300.0,-6300.0,-6300.0,-6300.0,-6300.0,-6300.0,-6300.0,-6300.0,-6300.0,8780.0,-6300.0,-6300.0,-6300.0,-10700.0
2018-07-03,-7550.0,-7550.0,-7550.0,-7550.0,-7550.0,-7550.0,-7550.0,-7550.0,-7550.0,-7550.0,-7550.0,7530.0,-7550.0,-7550.0,-7550.0,-11950.0
2018-07-05,-6290.0,-6290.0,-6290.0,-6290.0,-6290.0,-6290.0,-6290.0,-6290.0,-6290.0,-6290.0,-6290.0,8790.0,-6290.0,-6290.0,-6290.0,-10690.0
2018-07-06,-6010.0,-6010.0,-6010.0,-6010.0,-6010.0,-6010.0,-6010.0,-6010.0,-6010.0,-6010.0,-6010.0,9070.0,-6010.0,-6010.0,-6010.0,-10410.0
2018-07-09,-4800.0,-4800.0,-4800.0,-4800.0,-4800.0,-4800.0,-4800.0,-4800.0,-4800.0,-4800.0,-4800.0,10280.0,-4800.0,-4800.0,-4800.0,-9200.0
2018-07-10,-4790.0,-4790.0,-4790.0,-4790.0,-4790.0,-4790.0,-4790.0,-4790.0,-4790.0,-4790.0,-4790.0,10280.0,-4790.0,-4790.0,-4790.0,-9190.0
2018-07-11,-2820.0,-2820.0,-2820.0,-2820.0,-2820.0,-2820.0,-2820.0,-2820.0,-2820.0,-2820.0,-2820.0,12250.0,-2820.0,-2820.0,-2820.0,-7220.0
2018-07-12,-2610.0,-2610.0,-2610.0,-2610.0,-2610.0,-2610.0,-2610.0,-2610.0,-2610.0,-2610.0,-2610.0,12460.0,-2610.0,-2610.0,-2610.0,-7010.0
2018-07-13,-890.0,-890.0,-890.0,-890.0,-890.0,-890.0,-890.0,-890.0,-890.0,-890.0,-890.0,14180.0,-890.0,-890.0,-890.0,-5290.0
2018-07-16,-700.0,-700.0,-700.0,-700.0,-700.0,-700.0,-700.0,-700.0,-700.0,-700.0,-700.0,14370.0,-700.0,-700.0,-700.0,-5100.0
2018-07-17,-600.0,-600.0,-600.0,-600.0,-600.0,-600.0,-600.0,-600.0,-600.0,-600.0,-600.0,14470.0,-600.0,-600.0,-600.0,-5000.0
2018-07-18,-220.0,-220.0,-220.0,-220.0,-220.0,-220.0,-220.0,-220.0,-220.0,-220.0,-220.0,14850.0,-220.0,-220.0,-220.0,-4620.0
2018-07-19,1190.0,1190.0,1190.0,1190.0,1190.0,1190.0,1190.0,1190.0,1190.0,1190.0,1190.0,16260.0,1190.0,1190.0,1190.0,-3210.0
2018-07-20,560.0,560.0,560.0,560.0,560.0,560.0,560.0,560.0,560.0,560.0,560.0,15630.0,560.0,560.0,560.0,-3840.0
2018-07-23,170.0,170.0,170.0,170.0,170.0,170.0,170.0,170.0,170.0,170.0,170.0,15630.0,170.0,170.0,170.0,-4230.0
2018-07-24,-210.0,-210.0,-210.0,-210.0,-210.0,-210.0,-210.0,-210.0,-210.0,-210.0,-210.0,15630.0,-210.0,-210.0,-210.0,-4610.0
2018-07-25,260.0,260.0,260.0,260.0,260.0,260.0,260.0,260.0,260.0,260.0,260.0,15630.0,260.0,260.0,260.0,-4140.0
2018-07-26,2550.0,2550.0,2550.0,2550.0,2550.0,2550.0,2550.0,2550.0,2550.0,2550.0,2550.0,15630.0,2550.0,2550.0,2550.0,-1850.0
2018-07-27,1670.0,1670.0,1670.0,1670.0,1670.0,1670.0,1670.0,1670.0,1670.0,1670.0,1670.0,15630.0,1670.0,1670.0,1670.0,-2730.0
2018-07-30,1680.0,1680.0,1680.0,1680.0,1680.0,1680.0,1680.0,1680.0,1680.0,1680.0,1680.0,15630.0,1680.0,1680.0,1680.0,-2720.0
2018-07-31,2600.0,2600.0,2600.0,2600.0,2600.0,2600.0,2600.0,2600.0,2600.0,2600.0,2600.0,15630.0,2600.0,2600.0,2600.0,-1800.0
2018-08-01,2020.0,2020.0,2020.0,2020.0,2020.0,2020.0,2020.0,2020.0,2020.0,2020.0,2020.0,15050.0,2020.0,2020.0,2020.0,-2380.0
2018-08-02,1800.0,1800.0,1800.0,1800.0,1800.0,1800.0,1800.0,1800.0,1800.0,1800.0,1800.0,15050.0,1800.0,1800.0,1800.0,-2600.0
2018-08-03,3110.0,3110.0,3110.0,3110.0,3110.0,3110.0,3110.0,3110.0,3110.0,3110.0,3110.0,15050.0,3110.0,3110.0,3110.0,-1290.0
2018-08-06,4930.0,4930.0,4930.0,4930.0,4930.0,4930.0,4930.0,4930.0,4930.0,4930.0,4930.0,16870.0,4930.0,4930.0,4930.0,530.0
2018-08-07,5540.0,5540.0,5540.0,5540.0,5540.0,5540.0,5540.0,5540.0,5540.0,5540.0,5540.0,17480.0,5540.0,5540.0,5540.0,1140.0
2018-08-08,3010.0,3010.0,3010.0,3010.0,3010.0,3010.0,3010.0,3010.0,3010.0,3010.0,3010.0,14950.0,3010.0,3010.0,3010.0,-1390.0
2018-08-09,3180.0,3180.0,3180.0,3180.0,3180.0,3180.0,3180.0,3180.0,3180.0,3180.0,3180.0,15120.0,3180.0,3180.0,3180.0,-1220.0
2018-08-10,1730.0,1730.0,1730.0,1730.0,1730.0,1730.0,1730.0,1730.0,1730.0,1730.0,1730.0,15120.0,1730.0,1730.0,1730.0,-2670.0
2018-08-13,1180.0,1180.0,1180.0,1180.0,1180.0,1180.0,1180.0,1180.0,1180.0,1180.0,1180.0,15120.0,1180.0,1180.0,1180.0,-3220.0
2018-08-14,1800.0,1800.0,1800.0,1800.0,1800.0,1800.0,1800.0,1800.0,1800.0,1800.0,1800.0,15120.0,1800.0,1800.0,1800.0,-2600.0
2018-08-15,1900.0,1900.0,1900.0,1900.0,1900.0,1900.0,1900.0,1900.0,1900.0,1900.0,1900.0,15120.0,1900.0,1900.0,1900.0,-2500.0
2018-08-16,1540.0,1540.0,1540.0,1540.0,1540.0,1540.0,1540.0,1540.0,1540.0,1540.0,1540.0,15120.0,1540.0,1540.0,1540.0,-2860.0
2018-08-17,1540.0,1540.0,1540.0,1540.0,1540.0,1540.0,1540.0,1540.0,1540.0,1540.0,1540.0,15120.0,1540.0,1540.0,1540.0,-2860.0
2018-08-20,1060.0,1060.0,1060.0,1060.0,1060.0,1060.0,1060.0,1060.0,1060.0,1060.0,1060.0,15600.0,1060.0,1060.0,1060.0,-3340.0
2018-08-21,1450.0,1450.0,1450.0,1450.0,1450.0,1450.0,1450.0,1450.0,1450.0,1450.0,1450.0,15210.0,1450.0,1450.0,1450.0,-2950.0
2018-08-22,1010.0,1010.0,1010.0,1010.0,1010.0,1010.0,1010.0,1010.0,1010.0,1010.0,1010.0,15650.0,1010.0,1010.0,1010.0,-3390.0
2018-08-23,1070.0,1070.0,1070.0,1070.0,1070.0,1070.0,1070.0,1070.0,1070.0,1070.0,1070.0,15590.0,1070.0,1070.0,1070.0,-3330.0
2018-08-24,1000.0,1000.0,1000.0,1000.0,1000.0,1000.0,1000.0,1000.0,1000.0,1000.0,1000.0,15590.0,1000.0,1000.0,1000.0,-3400.0
2018-08-27,1390.0,1390.0,1390.0,1390.0,1390.0,1390.0,1390.0,1390.0,1390.0,1390.0,1390.0,15980.0,1390.0,1390.0,1390.0,-3400.0
2018-08-28,1630.0,1630.0,1630.0,1630.0,1630.0,1630.0,1630.0,1630.0,1630.0,1630.0,1630.0,16220.0,1630.0,1630.0,1630.0,-3160.0
2018-08-29,1510.0,1510.0,1510.0,1510.0,1510.0,1510.0,1510.0,1510.0,1510.0,1510.0,1510.0,16100.0,1510.0,1510.0,1510.0,-3280.0
2018-08-30,990.0,990.0,990.0,990.0,990.0,990.0,990.0,990.0,990.0,990.0,990.0,15580.0,990.0,990.0,990.0,-3800.0
2018-08-31,1090.0,1090.0,1090.0,1090.0,1090.0,1090.0,1090.0,1090.0,1090.0,1090.0,1090.0,15680.0,1090.0,1090.0,1090.0,-3700.0
2018-09-04,-60.0,-60.0,-60.0,-60.0,-60.0,-60.0,-60.0,-60.0,-60.0,-60.0,-60.0,14530.0,-60.0,-60.0,-60.0,-4850.0
2018-09-05,-1020.0,-1020.0,-1020.0,-1020.0,-1020.0,-1020.0,-1020.0,-1020.0,-1020.0,-1020.0,-1020.0,13570.0,-1020.0,-1020.0,-1020.0,-4850.0
2018-09-06,-640.0,-640.0,-640.0,-640.0,-640.0,-640.0,-640.0,-640.0,-640.0,-640.0,-640.0,13950.0,-640.0,-640.0,-640.0,-4850.0
2018-09-07,60.0,60.0,60.0,60.0,60.0,60.0,60.0,60.0,60.0,60.0,60.0,14650.0,60.0,60.0,60.0,-4150.0
2018-09-10,-230.0,-230.0,-230.0,-230.0,-230.0,-230.0,-230.0,-230.0,-230.0,-230.0,-230.0,14650.0,-230.0,-230.0,-230.0,-4440.0
2018-09-11,-1290.0,-1290.0,-1290.0,-1290.0,-1290.0,-1290.0,-1290.0,-1290.0,-1290.0,-1290.0,-1290.0,15710.0,-1290.0,-1290.0,-1290.0,-5500.0
2018-09-12,-1420.0,-1420.0,-1420.0,-1420.0,-1420.0,-1420.0,-1420.0,-1420.0,-1420.0,-1420.0,-1420.0,15840.0,-1420.0,-1420.0,-1420.0,-5500.0
2018-09-13,-240.0,-240.0,-240.0,-240.0,-240.0,-240.0,-240.0,-240.0,-240.0,-240.0,-240.0,14660.0,-240.0,-240.0,-240.0,-5500.0
2018-09-14,-1620.0,-1620.0,-1620.0,-1620.0,-1620.0,-1620.0,-1620.0,-1620.0,-1620.0,-1620.0,-1620.0,16040.0,-1620.0,-1620.0,-1620.0,-6880.0
2018-09-17,-1520.0,-1520.0,-1520.0,-1520.0,-1520.0,-1520.0,-1520.0,-1520.0,-1520.0,-1520.0,-1520.0,16040.0,-1520.0,-1520.0,-1520.0,-6780.0
2018-09-18,-1360.0,-1360.0,-1360.0,-1360.0,-1360.0,-1360.0,-1360.0,-1360.0,-1360.0,-1360.0,-1360.0,16200.0,-1360.0,-1360.0,-1360.0,-6620.0
2018-09-19,-1100.0,-1100.0,-1100.0,-1100.0,-1100.0,-1100.0,-1100.0,-1100.0,-1100.0,-1100.0,-1100.0,16460.0,-1100.0,-1100.0,-1100.0,-6360.0
2018-09-20,690.0,690.0,690.0,690.0,690.0,690.0,690.0,690.0,690.0,690.0,690.0,18250.0,690.0,690.0,690.0,-4570.0
2018-09-21,-500.0,-500.0,-500.0,-500.0,-500.0,-500.0,-500.0,-500.0,-500.0,-500.0,-500.0,17060.0,-500.0,-500.0,-500.0,-5760.0
2018-09-24,1820.0,1820.0,1820.0,1820.0,1820.0,1820.0,1820.0,1820.0,1820.0,1820.0,1820.0,19380.0,1820.0,1820.0,1820.0,-3440.0
2018-09-25,2660.0,2660.0,2660.0,2660.0,2660.0,2660.0,2660.0,2660.0,2660.0,2660.0,2660.0,20220.0,2660.0,2660.0,2660.0,-2600.0
2018-09-26,4210.0,4210.0,4210.0,4210.0,4210.0,4210.0,4210.0,4210.0,4210.0,4210.0,4210.0,21770.0,4210.0,4210.0,4210.0,-1050.0
2018-09-27,5030.0,5030.0,5030.0,5030.0,5030.0,5030.0,5030.0,5030.0,5030.0,5030.0,5030.0,22590.0,5030.0,5030.0,5030.0,-230.0
2018-09-28,5910.0,5910.0,5910.0,5910.0,5910.0,5910.0,5910.0,5910.0,5910.0,5910.0,5910.0,23470.0,5910.0,5910.0,5910.0,650.0
2018-10-01,5220.0,5220.0,5220.0,5220.0,5220.0,5220.0,5220.0,5220.0,5220.0,5220.0,5220.0,22780.0,5220.0,5220.0,5220.0,-40.0
2018-10-02,6610.0,6610.0,6610.0,6610.0,6610.0,6610.0,6610.0,6610.0,6610.0,6610.0,6610.0,22780.0,6610.0,6610.0,6610.0,1350.0
2018-10-03,5880.0,5880.0,5880.0,5880.0,5880.0,5880.0,5880.0,5880.0,5880.0,5880.0,5880.0,22050.0,5880.0,5880.0,5880.0,620.0
2018-10-04,5110.0,5110.0,5110.0,5110.0,5110.0,5110.0,5110.0,5110.0,5110.0,5110.0,5110.0,22050.0,5110.0,5110.0,5110.0,-150.0
2018-10-05,3790.0,3790.0,3790.0,3790.0,3790.0,3790.0,3790.0,3790.0,3790.0,3790.0,3790.0,22050.0,3790.0,3790.0,3790.0,-1470.0
2018-10-08,5010.0,5010.0,5010.0,5010.0,5010.0,5010.0,5010.0,5010.0,5010.0,5010.0,5010.0,22050.0,5010.0,5010.0,5010.0,-250.0
2018-10-09,5860.0,5860.0,5860.0,5860.0,5860.0,5860.0,5860.0,5860.0,5860.0,5860.0,5860.0,22050.0,5860.0,5860.0,5860.0,600.0
2018-10-10,1910.0,1910.0,1910.0,1910.0,1910.0,1910.0,1910.0,1910.0,1910.0,1910.0,1910.0,26000.0,1910.0,1910.0,1910.0,-3350.0
2018-10-11,230.0,230.0,230.0,230.0,230.0,230.0,230.0,230.0,230.0,230.0,230.0,27680.0,230.0,230.0,230.0,-5030.0
2018-10-12,1660.0,1660.0,1660.0,1660.0,1660.0,1660.0,1660.0,1660.0,1660.0,1660.0,1660.0,26250.0,1660.0,1660.0,1660.0,-5030.0
2018-10-15,2480.0,2480.0,2480.0,2480.0,2480.0,2480.0,2480.0,2480.0,2480.0,2480.0,2480.0,25430.0,2480.0,2480.0,2480.0,-4210.0
2018-10-16,5170.0,5170.0,5170.0,5170.0,5170.0,5170.0,5170.0,5170.0,5170.0,5170.0,5170.0,22740.0,5170.0,5170.0,5170.0,-1520.0
2018-10-17,6100.0,6100.0,6100.0,6100.0,6100.0,6100.0,6100.0,6100.0,6100.0,6100.0,6100.0,21810.0,6100.0,6100.0,6100.0,-590.0
2018-10-18,5160.0,5160.0,5160.0,5160.0,5160.0,5160.0,5160.0,5160.0,5160.0,5160.0,5160.0,20870.0,5160.0,5160.0,5160.0,-1530.0
2018-10-19,7830.0,7830.0,7830.0,7830.0,7830.0,7830.0,7830.0,7830.0,7830.0,7830.0,7830.0,23540.0,7830.0,7830.0,7830.0,1140.0
2018-10-22,7210.0,7210.0,7210.0,7210.0,7210.0,7210.0,7210.0,7210.0,7210.0,7210.0,7210.0,22920.0,7210.0,7210.0,7210.0,520.0
2018-10-23,6800.0,6800.0,6800.0,6800.0,6800.0,6800.0,6800.0,6800.0,6800.0,6800.0,6800.0,22510.0,6800.0,6800.0,6800.0,110.0
2018-10-24,680.0,680.0,680.0,680.0,680.0,680.0,680.0,680.0,680.0,680.0,680.0,22510.0,680.0,680.0,680.0,-6010.0
2018-10-25,3180.0,3180.0,3180.0,3180.0,3180.0,3180.0,3180.0,3180.0,3180.0,3180.0,3180.0,22510.0,3180.0,3180.0,3180.0,-6010.0
2018-10-26,2230.0,2230.0,2230.0,2230.0,2230.0,2230.0,2230.0,2230.0,2230.0,2230.0,2230.0,22510.0,2230.0,2230.0,2230.0,-6960.0
2018-10-29,2090.0,2090.0,2090.0,2090.0,2090.0,2090.0,2090.0,2090.0,2090.0,2090.0,2090.0,22510.0,2090.0,2090.0,2090.0,-7100.0
2018-10-30,3770.0,3770.0,3770.0,3770.0,3770.0,3770.0,3770.0,3770.0,3770.0,3770.0,3770.0,22510.0,3770.0,3770.0,3770.0,-5420.0
2018-10-31,3840.0,3840.0,3840.0,3840.0,3840.0,3840.0,3840.0,3840.0,3840.0,3840.0,3840.0,22440.0,3840.0,3840.0,3840.0,-5350.0
2018-11-01,5090.0,5090.0,5090.0,5090.0,5090.0,5090.0,5090.0,5090.0,5090.0,5090.0,5090.0,21190.0,5090.0,5090.0,5090.0,-4100.0
2018-11-02,4180.0,4180.0,4180.0,4180.0,4180.0,4180.0,4180.0,4180.0,4180.0,4180.0,4180.0,22100.0,4180.0,4180.0,4180.0,-5010.0
2018-11-05,4450.0,4450.0,4450.0,4450.0,4450.0,4450.0,4450.0,4450.0,4450.0,4450.0,4450.0,21830.0,4450.0,4450.0,4450.0,-4740.0
2018-11-06,5680.0,5680.0,5680.0,5680.0,5680.0,5680.0,5680.0,5680.0,5680.0,5680.0,5680.0,21830.0,5680.0,5680.0,5680.0,-3510.0
2018-11-07,6020.0,6020.0,6020.0,6020.0,6020.0,6020.0,6020.0,6020.0,6020.0,6020.0,6020.0,22170.0,6020.0,6020.0,6020.0,-3170.0
2018-11-08,4990.0,4990.0,4990.0,4990.0,4990.0,4990.0,4990.0,4990.0,4990.0,4990.0,4990.0,21140.0,4990.0,4990.0,4990.0,-4200.0
2018-11-09,6950.0,6950.0,6950.0,6950.0,6950.0,6950.0,6950.0,6950.0,6950.0,6950.0,6950.0,23100.0,6950.0,6950.0,6950.0,-2240.0
2018-11-12,5670.0,5670.0,5670.0,5670.0,5670.0,5670.0,5670.0,5670.0,5670.0,5670.0,5670.0,21820.0,5670.0,5670.0,5670.0,-3520.0
2018-11-13,5820.0,5820.0,5820.0,5820.0,5820.0,5820.0,5820.0,5820.0,5820.0,5820.0,5820.0,21970.0,5820.0,5820.0,5820.0,-3370.0
2018-11-14,6090.0,6090.0,6090.0,6090.0,6090.0,6090.0,6090.0,6090.0,6090.0,6090.0,6090.0,21970.0,6090.0,6090.0,6090.0,-3100.0
2018-11-15,6080.0,6080.0,6080.0,6080.0,6080.0,6080.0,6080.0,6080.0,6080.0,6080.0,6080.0,21970.0,6080.0,6080.0,6080.0,-3110.0
2018-11-16,5170.0,5170.0,5170.0,5170.0,5170.0,5170.0,5170.0,5170.0,5170.0,5170.0,5170.0,21970.0,5170.0,5170.0,5170.0,-4020.0
2018-11-19,4420.0,4420.0,4420.0,4420.0,4420.0,4420.0,4420.0,4420.0,4420.0,4420.0,4420.0,21970.0,4420.0,4420.0,4420.0,-4770.0
2018-11-20,940.0,940.0,940.0,940.0,940.0,940.0,940.0,940.0,940.0,940.0,940.0,25450.0,940.0,940.0,940.0,-8250.0
2018-11-21,2080.0,2080.0,2080.0,2080.0,2080.0,2080.0,2080.0,2080.0,2080.0,2080.0,2080.0,25450.0,2080.0,2080.0,2080.0,-8250.0
2018-11-23,1140.0,1140.0,1140.0,1140.0,1140.0,1140.0,1140.0,1140.0,1140.0,1140.0,1140.0,26390.0,1140.0,1140.0,1140.0,-9190.0
2018-11-26,1610.0,1610.0,1610.0,1610.0,1610.0,1610.0,1610.0,1610.0,1610.0,1610.0,1610.0,25920.0,1610.0,1610.0,1610.0,-9190.0
2018-11-27,2930.0,2930.0,2930.0,2930.0,2930.0,2930.0,2930.0,2930.0,2930.0,2930.0,2930.0,24600.0,2930.0,2930.0,2930.0,-7870.0
2018-11-28,5090.0,5090.0,5090.0,5090.0,5090.0,5090.0,5090.0,5090.0,5090.0,5090.0,5090.0,22440.0,5090.0,5090.0,5090.0,-5710.0
2018-11-29,5590.0,5590.0,5590.0,5590.0,5590.0,5590.0,5590.0,5590.0,5590.0,5590.0,5590.0,22940.0,5590.0,5590.0,5590.0,-5210.0
2018-11-30,4490.0,4490.0,4490.0,4490.0,4490.0,4490.0,4490.0,4490.0,4490.0,4490.0,4490.0,21840.0,4490.0,4490.0,4490.0,-6310.0
2018-12-03,4730.0,4730.0,4730.0,4730.0,4730.0,4730.0,4730.0,4730.0,4730.0,4730.0,4730.0,22080.0,4730.0,4730.0,4730.0,-6070.0
2018-12-04,1920.0,1920.0,1920.0,1920.0,1920.0,1920.0,1920.0,1920.0,1920.0,1920.0,1920.0,19270.0,1920.0,1920.0,1920.0,-8880.0
2018-12-06,3350.0,3350.0,3350.0,3350.0,3350.0,3350.0,3350.0,3350.0,3350.0,3350.0,3350.0,20700.0,3350.0,3350.0,3350.0,-7450.0
2018-12-07,1900.0,1900.0,1900.0,1900.0,1900.0,1900.0,1900.0,1900.0,1900.0,1900.0,1900.0,19250.0,1900.0,1900.0,1900.0,-8900.0
2018-12-10,1780.0,1780.0,1780.0,1780.0,1780.0,1780.0,1780.0,1780.0,1780.0,1780.0,1780.0,19130.0,1780.0,1780.0,1780.0,-9020.0
2018-12-11,1890.0,1890.0,1890.0,1890.0,1890.0,1890.0,1890.0,1890.0,1890.0,1890.0,1890.0,19240.0,1890.0,1890.0,1890.0,-8910.0
2018-12-12,2130.0,2130.0,2130.0,2130.0,2130.0,2130.0,2130.0,2130.0,2130.0,2130.0,2130.0,19000.0,2130.0,2130.0,2130.0,-8670.0
2018-12-13,3290.0,3290.0,3290.0,3290.0,3290.0,3290.0,3290.0,3290.0,3290.0,3290.0,3290.0,17840.0,3290.0,3290.0,3290.0,-7510.0
2018-12-14,2120.0,2120.0,2120.0,2120.0,2120.0,2120.0,2120.0,2120.0,2120.0,2120.0,2120.0,19010.0,2120.0,2120.0,2120.0,-8680.0
2018-12-17,550.0,550.0,550.0,550.0,550.0,550.0,550.0,550.0,550.0,550.0,550.0,20580.0,550.0,550.0,550.0,-10250.0
2018-12-18,-600.0,-600.0,-600.0,-600.0,-600.0,-600.0,-600.0,-600.0,-600.0,-600.0,-600.0,21730.0,-600.0,-600.0,-600.0,-11400.0
2018-12-19,-830.0,-830.0,-830.0,-830.0,-830.0,-830.0,-830.0,-830.0,-830.0,-830.0,-830.0,21730.0,-830.0,-830.0,-830.0,-11630.0
2018-12-20,-3020.0,-3020.0,-3020.0,-3020.0,-3020.0,-3020.0,-3020.0,-3020.0,-3020.0,-3020.0,-3020.0,19540.0,-3020.0,-3020.0,-3020.0,-11630.0
2018-12-21,-5770.0,-5770.0,-5770.0,-5770.0,-5770.0,-5770.0,-5770.0,-5770.0,-5770.0,-5770.0,-5770.0,16790.0,-5770.0,-5770.0,-5770.0,-11630.0
2018-12-24,-9590.0,-9590.0,-9590.0,-9590.0,-9590.0,-9590.0,-9590.0,-9590.0,-9590.0,-9590.0,-9590.0,12970.0,-9590.0,-9590.0,-9590.0,-11630.0
2018-12-26,-4180.0,-4180.0,-4180.0,-4180.0,-4180.0,-4180.0,-4180.0,-4180.0,-4180.0,-4180.0,-4180.0,18380.0,-4180.0,-4180.0,-4180.0,-11630.0
2018-12-27,-3500.0,-3500.0,-3500.0,-3500.0,-3500.0,-3500.0,-3500.0,-3500.0,-3500.0,-3500.0,-3500.0,19060.0,-3500.0,-3500.0,-3500.0,-10950.0
2018-12-28,-2730.0,-2730.0,-2730.0,-2730.0,-2730.0,-2730.0,-2730.0,-2730.0,-2730.0,-2730.0,-2730.0,19830.0,-2730.0,-2730.0,-2730.0,-10180.0
2018-12-31,-400.0,-400.0,-400.0,-400.0,-400.0,-400.0,-400.0,-400.0,-400.0,-400.0,-400.0,22160.0,-400.0,-400.0,-400.0,-7850.0
2019-01-02,-1080.0,-1080.0,-1080.0,-1080.0,-1080.0,-1080.0,-1080.0,-1080.0,-1080.0,-1080.0,-1080.0,22160.0,-1080.0,-1080.0,-1080.0,-8530.0
2019-01-03,-3680.0,-3680.0,-3680.0,-3680.0,-3680.0,-3680.0,-3680.0,-3680.0,-3680.0,-3680.0,-3680.0,19560.0,-3680.0,-3680.0,-3680.0,-11130.0
2019-01-04,-440.0,-440.0,-440.0,-440.0,-440.0,-440.0,-440.0,-440.0,-440.0,-440.0,-440.0,22800.0,-440.0,-440.0,-440.0,-7890.0
2019-01-07,500.0,500.0,500.0,500.0,500.0,500.0,500.0,500.0,500.0,500.0,500.0,23740.0,500.0,500.0,500.0,-6950.0
2019-01-08,1340.0,1340.0,1340.0,1340.0,1340.0,1340.0,1340.0,1340.0,1340.0,1340.0,1340.0,24580.0,1340.0,1340.0,1340.0,-6110.0
2019-01-09,2580.0,2580.0,2580.0,2580.0,2580.0,2580.0,2580.0,2580.0,2580.0,2580.0,2580.0,25820.0,2580.0,2580.0,2580.0,-4870.0
2019-01-10,2710.0,2710.0,2710.0,2710.0,2710.0,2710.0,2710.0,2710.0,2710.0,2710.0,2710.0,25950.0,2710.0,2710.0,2710.0,-4740.0
2019-01-11,2560.0,2560.0,2560.0,2560.0,2560.0,2560.0,2560.0,2560.0,2560.0,2560.0,2560.0,25800.0,2560.0,2560.0,2560.0,-4890.0
2019-01-14,2330.0,2330.0,2330.0,2330.0,2330.0,2330.0,2330.0,2330.0,2330.0,2330.0,2330.0,25570.0,2330.0,2330.0,2330.0,-5120.0
2019-01-15,1680.0,1680.0,1680.0,1680.0,1680.0,1680.0,1680.0,1680.0,1680.0,1680.0,1680.0,25570.0,1680.0,1680.0,1680.0,-5770.0
2019-01-16,840.0,840.0,840.0,840.0,840.0,840.0,840.0,840.0,840.0,840.0,840.0,25570.0,840.0,840.0,840.0,-6610.0
2019-01-17,940.0,940.0,940.0,940.0,940.0,940.0,940.0,940.0,940.0,940.0,940.0,25570.0,940.0,940.0,940.0,-6510.0
2019-01-18,970.0,970.0,970.0,970.0,970.0,970.0,970.0,970.0,970.0,970.0,970.0,25570.0,970.0,970.0,970.0,-6480.0
2019-01-22,530.0,530.0,530.0,530.0,530.0,530.0,530.0,530.0,530.0,530.0,530.0,26010.0,530.0,530.0,530.0,-6920.0
2019-01-23,1050.0,1050.0,1050.0,1050.0,1050.0,1050.0,1050.0,1050.0,1050.0,1050.0,1050.0,25490.0,1050.0,1050.0,1050.0,-6400.0
2019-01-24,490.0,490.0,490.0,490.0,490.0,490.0,490.0,490.0,490.0,490.0,490.0,26050.0,490.0,490.0,490.0,-6960.0
2019-01-25,1020.0,1020.0,1020.0,1020.0,1020.0,1020.0,1020.0,1020.0,1020.0,1020.0,1020.0,25520.0,1020.0,1020.0,1020.0,-6430.0
2019-01-28,740.0,740.0,740.0,740.0,740.0,740.0,740.0,740.0,740.0,740.0,740.0,25520.0,740.0,740.0,740.0,-6710.0
2019-01-29,830.0,830.0,830.0,830.0,830.0,830.0,830.0,830.0,830.0,830.0,830.0,25610.0,830.0,830.0,830.0,-6620.0
2019-01-30,70.0,70.0,70.0,70.0,70.0,70.0,70.0,70.0,70.0,70.0,70.0,24850.0,70.0,70.0,70.0,-7380.0
2019-01-31,1440.0,1440.0,1440.0,1440.0,1440.0,1440.0,1440.0,1440.0,1440.0,1440.0,1440.0,26220.0,1440.0,1440.0,1440.0,-7380.0
2019-02-01,1230.0,1230.0,1230.0,1230.0,1230.0,1230.0,1230.0,1230.0,1230.0,1230.0,1230.0,26010.0,1230.0,1230.0,1230.0,-7590.0
2019-02-04,1720.0,1720.0,1720.0,1720.0,1720.0,1720.0,1720.0,1720.0,1720.0,1720.0,1720.0,26500.0,1720.0,1720.0,1720.0,-7100.0
2019-02-05,2570.0,2570.0,2570.0,2570.0,2570.0,2570.0,2570.0,2570.0,2570.0,2570.0,2570.0,27350.0,2570.0,2570.0,2570.0,-6250.0
2019-02-06,1330.0,1330.0,1330.0,1330.0,1330.0,1330.0,1330.0,1330.0,1330.0,1330.0,1330.0,26110.0,1330.0,1330.0,1330.0,-7490.0
2019-02-07,880.0,880.0,880.0,880.0,880.0,880.0,880.0,880.0,880.0,880.0,880.0,25660.0,880.0,880.0,880.0,-7940.0
2019-02-08,1430.0,1430.0,1430.0,1430.0,1430.0,1430.0,1430.0,1430.0,1430.0,1430.0,1430.0,26210.0,1430.0,1430.0,1430.0,-7390.0
2019-02-11,-610.0,-610.0,-610.0,-610.0,-610.0,-610.0,-610.0,-610.0,-610.0,-610.0,-610.0,26210.0,-610.0,-610.0,-610.0,-9430.0
2019-02-12,-850.0,-850.0,-850.0,-850.0,-850.0,-850.0,-850.0,-850.0,-850.0,-850.0,-850.0,26210.0,-850.0,-850.0,-850.0,-9430.0
2019-02-13,140.0,140.0,140.0,140.0,140.0,140.0,140.0,140.0,140.0,140.0,140.0,26210.0,140.0,140.0,140.0,-9430.0
2019-02-14,590.0,590.0,590.0,590.0,590.0,590.0,590.0,590.0,590.0,590.0,590.0,26210.0,590.0,590.0,590.0,-8980.0
2019-02-15,2500.0,2500.0,2500.0,2500.0,2500.0,2500.0,2500.0,2500.0,2500.0,2500.0,2500.0,24300.0,2500.0,2500.0,2500.0,-7070.0
2019-02-19,3410.0,3410.0,3410.0,3410.0,3410.0,3410.0,3410.0,3410.0,3410.0,3410.0,3410.0,23390.0,3410.0,3410.0,3410.0,-6160.0
2019-02-20,3580.0,3580.0,3580.0,3580.0,3580.0,3580.0,3580.0,3580.0,3580.0,3580.0,3580.0,23560.0,3580.0,3580.0,3580.0,-5990.0
2019-02-21,4180.0,4180.0,4180.0,4180.0,4180.0,4180.0,4180.0,4180.0,4180.0,4180.0,4180.0,24160.0,4180.0,4180.0,4180.0,-5390.0
2019-02-22,5130.0,5130.0,5130.0,5130.0,5130.0,5130.0,5130.0,5130.0,5130.0,5130.0,5130.0,25110.0,5130.0,5130.0,5130.0,-4440.0
2019-02-25,3490.0,3490.0,3490.0,3490.0,3490.0,3490.0,3490.0,3490.0,3490.0,3490.0,3490.0,23470.0,3490.0,3490.0,3490.0,-6080.0
2019-02-26,3400.0,3400.0,3400.0,3400.0,3400.0,3400.0,3400.0,3400.0,3400.0,3400.0,3400.0,23380.0,3400.0,3400.0,3400.0,-6170.0
2019-02-27,2690.0,2690.0,2690.0,2690.0,2690.0,2690.0,2690.0,2690.0,2690.0,2690.0,2690.0,23380.0,2690.0,2690.0,2690.0,-6880.0
2019-02-28,2750.0,2750.0,2750.0,2750.0,2750.0,2750.0,2750.0,2750.0,2750.0,2750.0,2750.0,23380.0,2750.0,2750.0,2750.0,-6820.0
2019-03-01,3900.0,3900.0,3900.0,3900.0,3900.0,3900.0,3900.0,3900.0,3900.0,3900.0,3900.0,23380.0,3900.0,3900.0,3900.0,-5670.0
2019-03-04,4220.0,4220.0,4220.0,4220.0,4220.0,4220.0,4220.0,4220.0,4220.0,4220.0,4220.0,23380.0,4220.0,4220.0,4220.0,-5350.0
2019-03-05,3890.0,3890.0,3890.0,3890.0,3890.0,3890.0,3890.0,3890.0,3890.0,3890.0,3890.0,23710.0,3890.0,3890.0,3890.0,-5680.0
2019-03-06,4730.0,4730.0,4730.0,4730.0,4730.0,4730.0,4730.0,4730.0,4730.0,4730.0,4730.0,22870.0,4730.0,4730.0,4730.0,-4840.0
2019-03-07,3900.0,3900.0,3900.0,3900.0,3900.0,3900.0,3900.0,3900.0,3900.0,3900.0,3900.0,23700.0,3900.0,3900.0,3900.0,-5670.0
2019-03-08,3710.0,3710.0,3710.0,3710.0,3710.0,3710.0,3710.0,3710.0,3710.0,3710.0,3710.0,23890.0,3710.0,3710.0,3710.0,-5860.0
2019-03-11,4630.0,4630.0,4630.0,4630.0,4630.0,4630.0,4630.0,4630.0,4630.0,4630.0,4630.0,23890.0,4630.0,4630.0,4630.0,-4940.0
2019-03-12,4610.0,4610.0,4610.0,4610.0,4610.0,4610.0,4610.0,4610.0,4610.0,4610.0,4610.0,23870.0,4610.0,4610.0,4610.0,-4960.0
2019-03-13,3980.0,3980.0,3980.0,3980.0,3980.0,3980.0,3980.0,3980.0,3980.0,3980.0,3980.0,23240.0,3980.0,3980.0,3980.0,-5590.0
2019-03-14,4370.0,4370.0,4370.0,4370.0,4370.0,4370.0,4370.0,4370.0,4370.0,4370.0,4370.0,23630.0,4370.0,4370.0,4370.0,-5200.0
2019-03-15,4840.0,4840.0,4840.0,4840.0,4840.0,4840.0,4840.0,4840.0,4840.0,4840.0,4840.0,24100.0,4840.0,4840.0,4840.0,-4730.0
2019-03-18,3020.0,3020.0,3020.0,3020.0,3020.0,3020.0,3020.0,3020.0,3020.0,3020.0,3020.0,24100.0,3020.0,3020.0,3020.0,-6550.0
2019-03-19,-60.0,-60.0,-60.0,-60.0,-60.0,-60.0,-60.0,-60.0,-60.0,-60.0,-60.0,21020.0,-60.0,-60.0,-60.0,-6550.0
2019-03-20,-70.0,-70.0,-70.0,-70.0,-70.0,-70.0,-70.0,-70.0,-70.0,-70.0,-70.0,21010.0,-70.0,-70.0,-70.0,-6550.0
2019-03-21,-1380.0,-1380.0,-1380.0,-1380.0,-1380.0,-1380.0,-1380.0,-1380.0,-1380.0,-1380.0,-1380.0,19700.0,-1380.0,-1380.0,-1380.0,-6550.0
2019-03-22,-1810.0,-1810.0,-1810.0,-1810.0,-1810.0,-1810.0,-1810.0,-1810.0,-1810.0,-1810.0,-1810.0,19700.0,-1810.0,-1810.0,-1810.0,-6550.0
2019-03-25,-2240.0,-2240.0,-2240.0,-2240.0,-2240.0,-2240.0,-2240.0,-2240.0,-2240.0,-2240.0,-2240.0,19700.0,-2240.0,-2240.0,-2240.0,-6550.0
2019-03-26,80.0,80.0,80.0,80.0,80.0,80.0,80.0,80.0,80.0,80.0,80.0,19700.0,80.0,80.0,80.0,-6550.0
2019-03-27,220.0,220.0,220.0,220.0,220.0,220.0,220.0,220.0,220.0,220.0,220.0,19560.0,220.0,220.0,220.0,-6410.0
2019-03-28,640.0,640.0,640.0,640.0,640.0,640.0,640.0,640.0,640.0,640.0,640.0,19140.0,640.0,640.0,640.0,-5990.0
2019-03-29,960.0,960.0,960.0,960.0,960.0,960.0,960.0,960.0,960.0,960.0,960.0,18820.0,960.0,960.0,960.0,-5670.0
2019-04-01,2420.0,2420.0,2420.0,2420.0,2420.0,2420.0,2420.0,2420.0,2420.0,2420.0,2420.0,17360.0,2420.0,2420.0,2420.0,-4210.0
2019-04-02,1880.0,1880.0,1880.0,1880.0,1880.0,1880.0,1880.0,1880.0,1880.0,1880.0,1880.0,17360.0,1880.0,1880.0,1880.0,-4750.0
2019-04-03,2430.0,2430.0,2430.0,2430.0,2430.0,2430.0,2430.0,2430.0,2430.0,2430.0,2430.0,17910.0,2430.0,2430.0,2430.0,-4200.0
2019-04-04,4630.0,4630.0,4630.0,4630.0,4630.0,4630.0,4630.0,4630.0,4630.0,4630.0,4630.0,20110.0,4630.0,4630.0,4630.0,-2000.0
2019-04-05,4880.0,4880.0,4880.0,4880.0,4880.0,4880.0,4880.0,4880.0,4880.0,4880.0,4880.0,20360.0,4880.0,4880.0,4880.0,-1750.0
2019-04-08,4840.0,4840.0,4840.0,4840.0,4840.0,4840.0,4840.0,4840.0,4840.0,4840.0,4840.0,20320.0,4840.0,4840.0,4840.0,-1790.0
2019-04-09,6720.0,6720.0,6720.0,6720.0,6720.0,6720.0,6720.0,6720.0,6720.0,6720.0,6720.0,20320.0,6720.0,6720.0,6720.0,90.0
2019-04-10,7020.0,7020.0,7020.0,7020.0,7020.0,7020.0,7020.0,7020.0,7020.0,7020.0,7020.0,20620.0,7020.0,7020.0,7020.0,390.0
2019-04-11,6460.0,6460.0,6460.0,6460.0,6460.0,6460.0,6460.0,6460.0,6460.0,6460.0,6460.0,20060.0,6460.0,6460.0,6460.0,-170.0
2019-04-12,19760.0,19760.0,19760.0,19760.0,19760.0,19760.0,19760.0,19760.0,19760.0,19760.0,19760.0,20060.0,19760.0,19760.0,19760.0,13130.0
2019-04-15,21720.0,21720.0,21720.0,21720.0,21720.0,21720.0,21720.0,21720.0,21720.0,21720.0,21720.0,22019.99999999997,21720.0,21720.0,21720.0,15090.0
2019-04-16,19600.0,19600.0,19600.0,19600.0,19600.0,19600.0,19600.0,19600.0,19600.0,19600.0,19600.0,22019.99999999997,19600.0,19600.0,19600.0,12970.0
2019-04-17,21430.0,21430.0,21430.0,21430.0,21430.0,21430.0,21430.0,21430.0,21430.0,21430.0,21430.0,22019.99999999997,21430.0,21430.0,21430.0,14800.0
2019-04-18,22120.0,22120.0,22120.0,22120.0,22120.0,22120.0,22120.0,22120.0,22120.0,22120.0,22120.0,22019.99999999997,22120.0,22120.0,22120.0,15490.0
2019-04-22,21360.0,21360.0,21360.0,21360.0,21360.0,21360.0,21360.0,21360.0,21360.0,21360.0,21360.0,22019.99999999997,21360.0,21360.0,21360.0,14730.0
2019-04-23,23020.0,23020.0,23020.0,23020.0,23020.0,23020.0,23020.0,23020.0,23020.0,23020.0,23020.0,22019.99999999997,23020.0,23020.0,23020.0,16390.0
2019-04-24,24740.0,24740.0,24740.0,24740.0,24740.0,24740.0,24740.0,24740.0,24740.0,24740.0,24740.0,22019.99999999997,24740.0,24740.0,24740.0,18110.0
2019-04-25,26850.0,26850.0,26850.0,26850.0,26850.0,26850.0,26850.0,26850.0,26850.0,26850.0,26850.0,22019.99999999997,26850.0,26850.0,26850.0,20220.0
2019-04-26,29500.0,29500.0,29500.0,29500.0,29500.0,29500.0,29500.0,29500.0,29500.0,29500.0,29500.0,22019.99999999997,29500.0,29500.0,29500.0,22870.0
2019-04-29,28890.0,28890.0,28890.0,28890.0,28890.0,28890.0,28890.0,28890.0,28890.0,28890.0,28890.0,22019.99999999997,28890.0,28890.0,28890.0,22260.0
2019-04-30,26590.0,26590.0,26590.0,26590.0,26590.0,26590.0,26590.0,26590.0,26590.0,26590.0,26590.0,22019.99999999997,26590.0,26590.0,26590.0,19960.0
2019-05-01,26000.0,26000.0,26000.0,26000.0,26000.0,26000.0,26000.0,26000.0,26000.0,26000.0,26000.0,22019.99999999997,26000.0,26000.0,26000.0,19370.0
2019-05-02,23790.0,23790.0,23790.0,23790.0,23790.0,23790.0,23790.0,23790.0,23790.0,23790.0,23790.0,22019.99999999997,23790.0,23790.0,23790.0,17160.0
2019-05-03,23980.0,23980.0,23980.0,23980.0,23980.0,23980.0,23980.0,23980.0,23980.0,23980.0,23980.0,22019.99999999997,23980.0,23980.0,23980.0,17350.0
2019-05-06,24640.0,24640.0,24640.0,24640.0,24640.0,24640.0,24640.0,24640.0,24640.0,24640.0,24640.0,22020.0,24640.0,24640.0,24640.0,18010.0
2019-05-07,23100.0,23100.0,23100.0,23100.0,23100.0,23100.0,23100.0,23100.0,23100.0,23100.0,23100.0,23560.0,23100.0,23100.0,23100.0,16470.0
2019-05-08,24630.0,24630.0,24630.0,24630.0,24630.0,24630.0,24630.0,24630.0,24630.0,24630.0,24630.0,22030.0,24630.0,24630.0,24630.0,18000.0
2019-05-09,23250.0,23250.0,23250.0,23250.0,23250.0,23250.0,23250.0,23250.0,23250.0,23250.0,23250.0,23410.0,23250.0,23250.0,23250.0,16620.0
2019-05-10,23690.0,23690.0,23690.0,23690.0,23690.0,23690.0,23690.0,23690.0,23690.0,23690.0,23690.0,22970.0,23690.0,23690.0,23690.0,17060.0
2019-05-13,21020.0,21020.0,21020.0,21020.0,21020.0,21020.0,21020.0,21020.0,21020.0,21020.0,21020.0,25640.0,21020.0,21020.0,21020.0,14390.0
2019-05-14,22860.0,22860.0,22860.0,22860.0,22860.0,22860.0,22860.0,22860.0,22860.0,22860.0,22860.0,23800.0,22860.0,22860.0,22860.0,16230.0
2019-05-15,24320.0,24320.0,24320.0,24320.0,24320.0,24320.0,24320.0,24320.0,24320.0,24320.0,24320.0,25260.0,24320.0,24320.0,24320.0,17690.0
2019-05-16,25130.0,25130.0,25130.0,25130.0,25130.0,25130.0,25130.0,25130.0,25130.0,25130.0,25130.0,26070.0,25130.0,25130.0,25130.0,18500.0
2019-05-17,24680.0,24680.0,24680.0,24680.0,24680.0,24680.0,24680.0,24680.0,24680.0,24680.0,24680.0,25620.0,24680.0,24680.0,24680.0,18050.0
2019-05-20,23560.0,23560.0,23560.0,23560.0,23560.0,23560.0,23560.0,23560.0,23560.0,23560.0,23560.0,24500.0,23560.0,23560.0,23560.0,16930.0
2019-05-21,23740.0,23740.0,23740.0,23740.0,23740.0,23740.0,23740.0,23740.0,23740.0,23740.0,23740.0,24680.0,23740.0,23740.0,23740.0,17110.0
2019-05-22,23500.0,23500.0,23500.0,23500.0,23500.0,23500.0,23500.0,23500.0,23500.0,23500.0,23500.0,24440.0,23500.0,23500.0,23500.0,16870.0
2019-05-23,22400.0,22400.0,22400.0,22400.0,22400.0,22400.0,22400.0,22400.0,22400.0,22400.0,22400.0,23340.0,22400.0,22400.0,22400.0,15770.0
2019-05-24,22460.0,22460.0,22460.0,22460.0,22460.0,22460.0,22460.0,22460.0,22460.0,22460.0,22460.0,23340.0,22460.0,22460.0,22460.0,15830.0
2019-05-28,22290.0,22290.0,22290.0,22290.0,22290.0,22290.0,22290.0,22290.0,22290.0,22290.0,22290.0,23340.0,22290.0,22290.0,22290.0,15660.0
2019-05-29,21250.0,21250.0,21250.0,21250.0,21250.0,21250.0,21250.0,21250.0,21250.0,21250.0,21250.0,24380.0,21250.0,21250.0,21250.0,14620.0
2019-05-30,21870.0,21870.0,21870.0,21870.0,21870.0,21870.0,21870.0,21870.0,21870.0,21870.0,21870.0,23760.0,21870.0,21870.0,21870.0,14620.0
2019-05-31,21720.0,21720.0,21720.0,21720.0,21720.0,21720.0,21720.0,21720.0,21720.0,21720.0,21720.0,23910.0,21720.0,21720.0,21720.0,14470.0
2019-06-03,22140.0,22140.0,22140.0,22140.0,22140.0,22140.0,22140.0,22140.0,22140.0,22140.0,22140.0,23490.0,22140.0,22140.0,22140.0,14890.0
2019-06-04,24460.0,24460.0,24460.0,24460.0,24460.0,24460.0,24460.0,24460.0,24460.0,24460.0,24460.0,25810.0,24460.0,24460.0,24460.0,17210.0
2019-06-05,25570.0,25570.0,25570.0,25570.0,25570.0,25570.0,25570.0,25570.0,25570.0,25570.0,25570.0,26920.0,25570.0,25570.0,25570.0,18320.0
2019-06-06,26820.0,26820.0,26820.0,26820.0,26820.0,26820.0,26820.0,26820.0,26820.0,26820.0,26820.0,28170.0,26820.0,26820.0,26820.0,19570.0
2019-06-07,27640.0,27640.0,27640.0,27640.0,27640.0,27640.0,27640.0,27640.0,27640.0,27640.0,27640.0,28990.0,27640.0,27640.0,27640.0,20390.0
2019-06-10,26690.0,26690.0,26690.0,26690.0,26690.0,26690.0,26690.0,26690.0,26690.0,26690.0,26690.0,28040.0,26690.0,26690.0,26690.0,19440.0
2019-06-11,24720.0,24720.0,24720.0,24720.0,24720.0,24720.0,24720.0,24720.0,24720.0,24720.0,24720.0,26070.0,24720.0,24720.0,24720.0,17470.0
2019-06-12,25350.0,25350.0,25350.0,25350.0,25350.0,25350.0,25350.0,25350.0,25350.0,25350.0,25350.0,26070.0,25350.0,25350.0,25350.0,18100.0
2019-06-13,31300.0,31300.0,31300.0,31300.0,31300.0,31300.0,31300.0,31300.0,31300.0,31300.0,31300.0,26070.0,31300.0,31300.0,31300.0,24050.0
2019-06-14,31210.0,31210.0,31210.0,31210.0,31210.0,31210.0,31210.0,31210.0,31210.0,31210.0,31210.0,25980.0,31210.0,31210.0,31210.0,23960.0
2019-06-17,30540.0,30540.0,30540.0,30540.0,30540.0,30540.0,30540.0,30540.0,30540.0,30540.0,30540.0,25980.0,30540.0,30540.0,30540.0,23290.0
2019-06-18,28830.0,28830.0,28830.0,28830.0,28830.0,28830.0,28830.0,28830.0,28830.0,28830.0,28830.0,25980.0,28830.0,28830.0,28830.0,21580.0
2019-06-19,30490.0,30490.0,30490.0,30490.0,30490.0,30490.0,30490.0,30490.0,30490.0,30490.0,30490.0,25980.0,30490.0,30490.0,30490.0,23240.0
2019-06-20,31580.0,31580.0,31580.0,31580.0,31580.0,31580.0,31580.0,31580.0,31580.0,31580.0,31580.0,25980.0,31580.0,31580.0,31580.0,24330.0
2019-06-21,29810.0,29810.0,29810.0,29810.0,29810.0,29810.0,29810.0,29810.0,29810.0,29810.0,29810.0,24210.0,29810.0,29810.0,29810.0,22560.0
2019-06-24,28810.0,28810.0,28810.0,28810.0,28810.0,28810.0,28810.0,28810.0,28810.0,28810.0,28810.0,24210.0,28810.0,28810.0,28810.0,21560.0
2019-06-25,29520.0,29520.0,29520.0,29520.0,29520.0,29520.0,29520.0,29520.0,29520.0,29520.0,29520.0,24210.0,29520.0,29520.0,29520.0,22270.0
2019-06-26,29970.0,29970.0,29970.0,29970.0,29970.0,29970.0,29970.0,29970.0,29970.0,29970.0,29970.0,24210.0,29970.0,29970.0,29970.0,22720.0
2019-06-27,28890.0,28890.0,28890.0,28890.0,28890.0,28890.0,28890.0,28890.0,28890.0,28890.0,28890.0,24210.0,28890.0,28890.0,28890.0,21640.0
2019-06-28,29220.0,29220.0,29220.0,29220.0,29220.0,29220.0,29220.0,29220.0,29220.0,29220.0,29220.0,24210.0,29220.0,29220.0,29220.0,21970.0
2019-07-01,31210.0,31210.0,31210.0,31210.0,31210.0,31210.0,31210.0,31210.0,31210.0,31210.0,31210.0,22220.0,31210.0,31210.0,31210.0,23960.0
2019-07-02,32080.0,32080.0,32080.0,32080.0,32080.0,32080.0,32080.0,32080.0,32080.0,32080.0,32080.0,21350.0,32080.0,32080.0,32080.0,24830.0
2019-07-03,32520.0,32520.0,32520.0,32520.0,32520.0,32520.0,32520.0,32520.0,32520.0,32520.0,32520.0,21790.0,32520.0,32520.0,32520.0,25270.0
2019-07-05,32870.0,32870.0,32870.0,32870.0,32870.0,32870.0,32870.0,32870.0,32870.0,32870.0,32870.0,22140.0,32870.0,32870.0,32870.0,25620.0
2019-07-08,31450.0,31450.0,31450.0,31450.0,31450.0,31450.0,31450.0,31450.0,31450.0,31450.0,31450.0,20720.0,31450.0,31450.0,31450.0,24200.0
2019-07-09,32040.0,32040.0,32040.0,32040.0,32040.0,32040.0,32040.0,32040.0,32040.0,32040.0,32040.0,21310.0,32040.0,32040.0,32040.0,24790.0
2019-07-10,33960.0,33960.0,33960.0,33960.0,33960.0,33960.0,33960.0,33960.0,33960.0,33960.0,33960.0,21310.0,33960.0,33960.0,33960.0,26710.0
2019-07-11,33980.0,33980.0,33980.0,33980.0,33980.0,33980.0,33980.0,33980.0,33980.0,33980.0,33980.0,21330.0,33980.0,33980.0,33980.0,26730.0
2019-07-12,35290.0,35290.0,35290.0,35290.0,35290.0,35290.0,35290.0,35290.0,35290.0,35290.0,35290.0,22640.0,35290.0,35290.0,35290.0,28040.0
2019-07-15,35470.0,35470.0,35470.0,35470.0,35470.0,35470.0,35470.0,35470.0,35470.0,35470.0,35470.0,22820.0,35470.0,35470.0,35470.0,28220.0
2019-07-16,34710.0,34710.0,34710.0,34710.0,34710.0,34710.0,34710.0,34710.0,34710.0,34710.0,34710.0,22060.0,34710.0,34710.0,34710.0,27460.0
2019-07-17,32990.0,32990.0,32990.0,32990.0,32990.0,32990.0,32990.0,32990.0,32990.0,32990.0,32990.0,22060.0,32990.0,32990.0,32990.0,25740.0
2019-07-18,32060.0,32060.0,32060.0,32060.0,32060.0,32060.0,32060.0,32060.0,32060.0,32060.0,32060.0,22060.0,32060.0,32060.0,32060.0,24810.0
2019-07-19,30290.0,30290.0,30290.0,30290.0,30290.0,30290.0,30290.0,30290.0,30290.0,30290.0,30290.0,22060.0,30290.0,30290.0,30290.0,23040.0
2019-07-22,31270.0,31270.0,31270.0,31270.0,31270.0,31270.0,31270.0,31270.0,31270.0,31270.0,31270.0,22060.0,31270.0,31270.0,31270.0,23040.0
2019-07-23,31690.0,31690.0,31690.0,31690.0,31690.0,31690.0,31690.0,31690.0,31690.0,31690.0,31690.0,22060.0,31690.0,31690.0,31690.0,23460.0
2019-07-24,31720.0,31720.0,31720.0,31720.0,31720.0,31720.0,31720.0,31720.0,31720.0,31720.0,31720.0,22060.0,31720.0,31720.0,31720.0,23490.0
2019-07-25,33630.0,33630.0,33630.0,33630.0,33630.0,33630.0,33630.0,33630.0,33630.0,33630.0,33630.0,20150.0,33630.0,33630.0,33630.0,25400.0
2019-07-26,35060.0,35060.0,35060.0,35060.0,35060.0,35060.0,35060.0,35060.0,35060.0,35060.0,35060.0,18720.0,35060.0,35060.0,35060.0,26830.0
2019-07-29,36790.0,36790.0,36790.0,36790.0,36790.0,36790.0,36790.0,36790.0,36790.0,36790.0,36790.0,16990.0,36790.0,36790.0,36790.0,28560.0
2019-07-30,35340.0,35340.0,35340.0,35340.0,35340.0,35340.0,35340.0,35340.0,35340.0,35340.0,35340.0,15540.0,35340.0,35340.0,35340.0,27110.0
2019-07-31,33430.0,33430.0,33430.0,33430.0,33430.0,33430.0,33430.0,33430.0,33430.0,33430.0,33430.0,13630.0,33430.0,33430.0,33430.0,25200.0
2019-08-01,32280.0,32280.0,32280.0,32280.0,32280.0,32280.0,32280.0,32280.0,32280.0,32280.0,32280.0,12480.0,32280.0,32280.0,32280.0,24050.0
2019-08-02,32140.0,32140.0,32140.0,32140.0,32140.0,32140.0,32140.0,32140.0,32140.0,32140.0,32140.0,12480.0,32140.0,32140.0,32140.0,23910.0
2019-08-05,28750.0,28750.0,28750.0,28750.0,28750.0,28750.0,28750.0,28750.0,28750.0,28750.0,28750.0,12480.0,28750.0,28750.0,28750.0,20520.0
2019-08-06,32300.0,32300.0,32300.0,32300.0,32300.0,32300.0,32300.0,32300.0,32300.0,32300.0,32300.0,12480.0,32300.0,32300.0,32300.0,20520.0
2019-08-07,25330.0,25330.0,25330.0,25330.0,25330.0,25330.0,25330.0,25330.0,25330.0,25330.0,25330.0,12480.0,25330.0,25330.0,25330.0,13550.0
2019-08-08,28340.0,28340.0,28340.0,28340.0,28340.0,28340.0,28340.0,28340.0,28340.0,28340.0,28340.0,12480.0,28340.0,28340.0,28340.0,13550.0
2019-08-09,28970.0,28970.0,28970.0,28970.0,28970.0,28970.0,28970.0,28970.0,28970.0,28970.0,28970.0,11850.0,28970.0,28970.0,28970.0,14180.0
2019-08-12,26210.0,26210.0,26210.0,26210.0,26210.0,26210.0,26210.0,26210.0,26210.0,26210.0,26210.0,14610.0,26210.0,26210.0,26210.0,11420.0
2019-08-13,27460.0,27460.0,27460.0,27460.0,27460.0,27460.0,27460.0,27460.0,27460.0,27460.0,27460.0,13360.0,27460.0,27460.0,27460.0,12670.0
2019-08-14,23330.0,23330.0,23330.0,23330.0,23330.0,23330.0,23330.0,23330.0,23330.0,23330.0,23330.0,17490.0,23330.0,23330.0,23330.0,8540.0
2019-08-15,23890.0,23890.0,23890.0,23890.0,23890.0,23890.0,23890.0,23890.0,23890.0,23890.0,23890.0,16930.0,23890.0,23890.0,23890.0,9100.0
2019-08-16,25660.0,25660.0,25660.0,25660.0,25660.0,25660.0,25660.0,25660.0,25660.0,25660.0,25660.0,18700.0,25660.0,25660.0,25660.0,10870.0
2019-08-19,25750.0,25750.0,25750.0,25750.0,25750.0,25750.0,25750.0,25750.0,25750.0,25750.0,25750.0,18790.0,25750.0,25750.0,25750.0,10960.0
2019-08-20,25600.0,25600.0,25600.0,25600.0,25600.0,25600.0,25600.0,25600.0,25600.0,25600.0,25600.0,18640.0,25600.0,25600.0,25600.0,10810.0
2019-08-21,26220.0,26220.0,26220.0,26220.0,26220.0,26220.0,26220.0,26220.0,26220.0,26220.0,26220.0,19260.0,26220.0,26220.0,26220.0,11430.0
2019-08-22,26540.0,26540.0,26540.0,26540.0,26540.0,26540.0,26540.0,26540.0,26540.0,26540.0,26540.0,19580.0,26540.0,26540.0,26540.0,11750.0
2019-08-23,22160.0,22160.0,22160.0,22160.0,22160.0,22160.0,22160.0,22160.0,22160.0,22160.0,22160.0,15200.0,22160.0,22160.0,22160.0,7370.0
2019-08-26,25080.0,25080.0,25080.0,25080.0,25080.0,25080.0,25080.0,25080.0,25080.0,25080.0,25080.0,18120.0,25080.0,25080.0,25080.0,10290.0
2019-08-27,24960.0,24960.0,24960.0,24960.0,24960.0,24960.0,24960.0,24960.0,24960.0,24960.0,24960.0,18000.0,24960.0,24960.0,24960.0,10170.0
2019-08-28,27010.0,27010.0,27010.0,27010.0,27010.0,27010.0,27010.0,27010.0,27010.0,27010.0,27010.0,20050.0,27010.0,27010.0,27010.0,12220.0
2019-08-29,28290.0,28290.0,28290.0,28290.0,28290.0,28290.0,28290.0,28290.0,28290.0,28290.0,28290.0,21330.0,28290.0,28290.0,28290.0,13500.0
2019-08-30,27710.0,27710.0,27710.0,27710.0,27710.0,27710.0,27710.0,27710.0,27710.0,27710.0,27710.0,20750.0,27710.0,27710.0,27710.0,12920.0
2019-09-03,26770.0,26770.0,26770.0,26770.0,26770.0,26770.0,26770.0,26770.0,26770.0,26770.0,26770.0,19810.0,26770.0,26770.0,26770.0,11980.0
2019-09-04,28340.0,28340.0,28340.0,28340.0,28340.0,28340.0,28340.0,28340.0,28340.0,28340.0,28340.0,21380.0,28340.0,28340.0,28340.0,13550.0
2019-09-05,29280.0,29280.0,29280.0,29280.0,29280.0,29280.0,29280.0,29280.0,29280.0,29280.0,29280.0,22320.0,29280.0,29280.0,29280.0,14490.0
2019-09-06,29990.0,29990.0,29990.0,29990.0,29990.0,29990.0,29990.0,29990.0,29990.0,29990.0,29990.0,23030.0,29990.0,29990.0,29990.0,15200.0
2019-09-09,29270.0,29270.0,29270.0,29270.0,29270.0,29270.0,29270.0,29270.0,29270.0,29270.0,29270.0,22310.0,29270.0,29270.0,29270.0,14480.0
2019-09-10,26250.0,26250.0,26250.0,26250.0,26250.0,26250.0,26250.0,26250.0,26250.0,26250.0,26250.0,19290.0,26250.0,26250.0,26250.0,11460.0
2019-09-11,26650.0,26650.0,26650.0,26650.0,26650.0,26650.0,26650.0,26650.0,26650.0,26650.0,26650.0,19290.0,26650.0,26650.0,26650.0,11860.0
2019-09-12,27950.0,27950.0,27950.0,27950.0,27950.0,27950.0,27950.0,27950.0,27950.0,27950.0,27950.0,19290.0,27950.0,27950.0,27950.0,13160.0
2019-09-13,28470.0,28470.0,28470.0,28470.0,28470.0,28470.0,28470.0,28470.0,28470.0,28470.0,28470.0,19290.0,28470.0,28470.0,28470.0,13680.0
2019-09-16,26260.0,26260.0,26260.0,26260.0,26260.0,26260.0,26260.0,26260.0,26260.0,26260.0,26260.0,19290.0,26260.0,26260.0,26260.0,11470.0
2019-09-17,26770.0,26770.0,26770.0,26770.0,26770.0,26770.0,26770.0,26770.0,26770.0,26770.0,26770.0,18780.0,26770.0,26770.0,26770.0,11980.0
2019-09-18,27260.0,27260.0,27260.0,27260.0,27260.0,27260.0,27260.0,27260.0,27260.0,27260.0,27260.0,18290.0,27260.0,27260.0,27260.0,12470.0
2019-09-19,23780.0,23780.0,23780.0,23780.0,23780.0,23780.0,23780.0,23780.0,23780.0,23780.0,23780.0,21770.0,23780.0,23780.0,23780.0,8990.0
2019-09-20,22750.0,22750.0,22750.0,22750.0,22750.0,22750.0,22750.0,22750.0,22750.0,22750.0,22750.0,22800.0,22750.0,22750.0,22750.0,8990.0
2019-09-23,22940.0,22940.0,22940.0,22940.0,22940.0,22940.0,22940.0,22940.0,22940.0,22940.0,22940.0,22610.0,22940.0,22940.0,22940.0,8990.0
2019-09-24,22450.0,22450.0,22450.0,22450.0,22450.0,22450.0,22450.0,22450.0,22450.0,22450.0,22450.0,23100.0,22450.0,22450.0,22450.0,8500.0
2019-09-25,23570.0,23570.0,23570.0,23570.0,23570.0,23570.0,23570.0,23570.0,23570.0,23570.0,23570.0,21980.0,23570.0,23570.0,23570.0,8500.0
2019-09-26,21760.0,21760.0,21760.0,21760.0,21760.0,21760.0,21760.0,21760.0,21760.0,21760.0,21760.0,20170.0,21760.0,21760.0,21760.0,6690.0
2019-09-27,20460.0,20460.0,20460.0,20460.0,20460.0,20460.0,20460.0,20460.0,20460.0,20460.0,20460.0,18870.0,20460.0,20460.0,20460.0,6690.0
2019-09-30,20810.0,20810.0,20810.0,20810.0,20810.0,20810.0,20810.0,20810.0,20810.0,20810.0,20810.0,19220.0,20810.0,20810.0,20810.0,6690.0
2019-10-01,20050.0,20050.0,20050.0,20050.0,20050.0,20050.0,20050.0,20050.0,20050.0,20050.0,20050.0,18460.0,20050.0,20050.0,20050.0,5930.0
2019-10-02,19640.0,19640.0,19640.0,19640.0,19640.0,19640.0,19640.0,19640.0,19640.0,19640.0,19640.0,18870.0,19640.0,19640.0,19640.0,5930.0
2019-10-03,18660.0,18660.0,18660.0,18660.0,18660.0,18660.0,18660.0,18660.0,18660.0,18660.0,18660.0,17890.0,18660.0,18660.0,18660.0,5930.0
2019-10-04,20760.0,20760.0,20760.0,20760.0,20760.0,20760.0,20760.0,20760.0,20760.0,20760.0,20760.0,19990.0,20760.0,20760.0,20760.0,5930.0
2019-10-07,21390.0,21390.0,21390.0,21390.0,21390.0,21390.0,21390.0,21390.0,21390.0,21390.0,21390.0,20620.0,21390.0,21390.0,21390.0,6560.0
2019-10-08,18970.0,18970.0,18970.0,18970.0,18970.0,18970.0,18970.0,18970.0,18970.0,18970.0,18970.0,18200.0,18970.0,18970.0,18970.0,4140.0
2019-10-09,19830.0,19830.0,19830.0,19830.0,19830.0,19830.0,19830.0,19830.0,19830.0,19830.0,19830.0,19060.0,19830.0,19830.0,19830.0,5000.0
2019-10-10,19840.0,19840.0,19840.0,19840.0,19840.0,19840.0,19840.0,19840.0,19840.0,19840.0,19840.0,19070.0,19840.0,19840.0,19840.0,5010.0
2019-10-11,20520.0,20520.0,20520.0,20520.0,20520.0,20520.0,20520.0,20520.0,20520.0,20520.0,20520.0,19750.0,20520.0,20520.0,20520.0,5690.0
2019-10-14,20200.0,20200.0,20200.0,20200.0,20200.0,20200.0,20200.0,20200.0,20200.0,20200.0,20200.0,19430.0,20200.0,20200.0,20200.0,5370.0
2019-10-15,20260.0,20260.0,20260.0,20260.0,20260.0,20260.0,20260.0,20260.0,20260.0,20260.0,20260.0,19490.0,20260.0,20260.0,20260.0,5430.0
2019-10-16,21350.0,21350.0,21350.0,21350.0,21350.0,21350.0,21350.0,21350.0,21350.0,21350.0,21350.0,20580.0,21350.0,21350.0,21350.0,6520.0
2019-10-17,22850.0,22850.0,22850.0,22850.0,22850.0,22850.0,22850.0,22850.0,22850.0,22850.0,22850.0,22080.0,22850.0,22850.0,22850.0,8020.0
2019-10-18,21380.0,21380.0,21380.0,21380.0,21380.0,21380.0,21380.0,21380.0,21380.0,21380.0,21380.0,20610.0,21380.0,21380.0,21380.0,6550.0
2019-10-21,20750.0,20750.0,20750.0,20750.0,20750.0,20750.0,20750.0,20750.0,20750.0,20750.0,20750.0,19980.0,20750.0,20750.0,20750.0,5919.999999999971
2019-10-22,22880.0,22880.0,22880.0,22880.0,22880.0,22880.0,22880.0,22880.0,22880.0,22880.0,22880.0,19980.0,22880.0,22880.0,22880.0,8050.0
2019-10-23,21620.0,21620.0,21620.0,21620.0,21620.0,21620.0,21620.0,21620.0,21620.0,21620.0,21620.0,18720.0,21620.0,21620.0,21620.0,6790.0
2019-10-24,20750.0,20750.0,20750.0,20750.0,20750.0,20750.0,20750.0,20750.0,20750.0,20750.0,20750.0,17850.0,20750.0,20750.0,20750.0,5919.999999999971
2019-10-25,21390.0,21390.0,21390.0,21390.0,21390.0,21390.0,21390.0,21390.0,21390.0,21390.0,21390.0,17850.0,21390.0,21390.0,21390.0,6560.0
2019-10-28,21020.0,21020.0,21020.0,21020.0,21020.0,21020.0,21020.0,21020.0,21020.0,21020.0,21020.0,17850.0,21020.0,21020.0,21020.0,6190.0
2019-10-29,19980.0,19980.0,19980.0,19980.0,19980.0,19980.0,19980.0,19980.0,19980.0,19980.0,19980.0,17850.0,19980.0,19980.0,19980.0,5150.0
2019-10-30,20100.0,20100.0,20100.0,20100.0,20100.0,20100.0,20100.0,20100.0,20100.0,20100.0,20100.0,17850.0,20100.0,20100.0,20100.0,5150.0
2019-10-31,20420.0,20420.0,20420.0,20420.0,20420.0,20420.0,20420.0,20420.0,20420.0,20420.0,20420.0,17850.0,20420.0,20420.0,20420.0,5150.0
2019-11-01,23230.0,23230.0,23230.0,23230.0,23230.0,23230.0,23230.0,23230.0,23230.0,23230.0,23230.0,15040.0,23230.0,23230.0,23230.0,7960.0
2019-11-04,23400.0,23400.0,23400.0,23400.0,23400.0,23400.0,23400.0,23400.0,23400.0,23400.0,23400.0,15210.0,23400.0,23400.0,23400.0,8130.0
2019-11-05,21940.0,21940.0,21940.0,21940.0,21940.0,21940.0,21940.0,21940.0,21940.0,21940.0,21940.0,13750.0,21940.0,21940.0,21940.0,6670.0
2019-11-06,21760.0,21760.0,21760.0,21760.0,21760.0,21760.0,21760.0,21760.0,21760.0,21760.0,21760.0,13570.0,21760.0,21760.0,21760.0,6490.0
2019-11-07,23440.0,23440.0,23440.0,23440.0,23440.0,23440.0,23440.0,23440.0,23440.0,23440.0,23440.0,15250.0,23440.0,23440.0,23440.0,8170.0
2019-11-08,28410.0,28410.0,28410.0,28410.0,28410.0,28410.0,28410.0,28410.0,28410.0,28410.0,28410.0,20220.0,28410.0,28410.0,28410.0,13140.0
2019-11-11,27200.0,27200.0,27200.0,27200.0,27200.0,27200.0,27200.0,27200.0,27200.0,27200.0,27200.0,19010.0,27200.0,27200.0,27200.0,11930.0
2019-11-12,29020.0,29020.0,29020.0,29020.0,29020.0,29020.0,29020.0,29020.0,29020.0,29020.0,29020.0,20830.0,29020.0,29020.0,29020.0,13750.0
2019-11-13,39100.0,39100.0,39100.0,39100.0,39100.0,39100.0,39100.0,39100.0,39100.0,39100.0,39100.0,30910.0,39100.0,39100.0,39100.0,23830.0
2019-11-14,37540.0,37540.0,37540.0,37540.0,37540.0,37540.0,37540.0,37540.0,37540.0,37540.0,37540.0,29350.0,37540.0,37540.0,37540.0,22270.0
2019-11-15,35080.0,35080.0,35080.0,35080.0,35080.0,35080.0,35080.0,35080.0,35080.0,35080.0,35080.0,29350.0,35080.0,35080.0,35080.0,19810.0
2019-11-18,38040.0,38040.0,38040.0,38040.0,38040.0,38040.0,38040.0,38040.0,38040.0,38040.0,38040.0,29350.0,38040.0,38040.0,38040.0,22770.0
2019-11-19,38770.0,38770.0,38770.0,38770.0,38770.0,38770.0,38770.0,38770.0,38770.0,38770.0,38770.0,29350.0,38770.0,38770.0,38770.0,23500.0
2019-11-20,37320.0,37320.0,37320.0,37320.0,37320.0,37320.0,37320.0,37320.0,37320.0,37320.0,37320.0,29350.0,37320.0,37320.0,37320.0,22050.0
2019-11-21,37300.0,37300.0,37300.0,37300.0,37300.0,37300.0,37300.0,37300.0,37300.0,37300.0,37300.0,29370.0,37300.0,37300.0,37300.0,22030.0
2019-11-22,38680.0,38680.0,38680.0,38680.0,38680.0,38680.0,38680.0,38680.0,38680.0,38680.0,38680.0,27990.0,38680.0,38680.0,38680.0,23410.0
2019-11-25,40070.0,40070.0,40070.0,40070.0,40070.0,40070.0,40070.0,40070.0,40070.0,40070.0,40070.0,26600.0,40070.0,40070.0,40070.0,24800.0
2019-11-26,42010.0,42010.0,42010.0,42010.0,42010.0,42010.0,42010.0,42010.0,42010.0,42010.0,42010.0,28540.0,42010.0,42010.0,42010.0,26740.0
2019-11-27,41850.0,41850.0,41850.0,41850.0,41850.0,41850.0,41850.0,41850.0,41850.0,41850.0,41850.0,28380.0,41850.0,41850.0,41850.0,26580.0
2019-11-29,41950.0,41950.0,41950.0,41950.0,41950.0,41950.0,41950.0,41950.0,41950.0,41950.0,41950.0,28380.0,41950.0,41950.0,41950.0,26680.0
2019-12-02,40990.0,40990.0,40990.0,40990.0,40990.0,40990.0,40990.0,40990.0,40990.0,40990.0,40990.0,28380.0,40990.0,40990.0,40990.0,25720.0
2019-12-03,38970.0,38970.0,38970.0,38970.0,38970.0,38970.0,38970.0,38970.0,38970.0,38970.0,38970.0,28380.0,38970.0,38970.0,38970.0,23700.0
2019-12-04,38670.0,38670.0,38670.0,38670.0,38670.0,38670.0,38670.0,38670.0,38670.0,38670.0,38670.0,28380.0,38670.0,38670.0,38670.0,23400.0
2019-12-05,37830.0,37830.0,37830.0,37830.0,37830.0,37830.0,37830.0,37830.0,37830.0,37830.0,37830.0,28380.0,37830.0,37830.0,37830.0,22560.0
2019-12-06,38050.0,38050.0,38050.0,38050.0,38050.0,38050.0,38050.0,38050.0,38050.0,38050.0,38050.0,28160.0,38050.0,38050.0,38050.0,22780.0
2019-12-09,36610.0,36610.0,36610.0,36610.0,36610.0,36610.0,36610.0,36610.0,36610.0,36610.0,36610.0,29600.0,36610.0,36610.0,36610.0,21340.0
2019-12-10,36500.0,36500.0,36500.0,36500.0,36500.0,36500.0,36500.0,36500.0,36500.0,36500.0,36500.0,29710.0,36500.0,36500.0,36500.0,21340.0
2019-12-11,37980.0,37980.0,37980.0,37980.0,37980.0,37980.0,37980.0,37980.0,37980.0,37980.0,37980.0,28230.0,37980.0,37980.0,37980.0,21340.0
2019-12-12,38150.0,38150.0,38150.0,38150.0,38150.0,38150.0,38150.0,38150.0,38150.0,38150.0,38150.0,28060.0,38150.0,38150.0,38150.0,21510.0
2019-12-13,37650.0,37650.0,37650.0,37650.0,37650.0,37650.0,37650.0,37650.0,37650.0,37650.0,37650.0,28060.0,37650.0,37650.0,37650.0,21010.0
2019-12-16,39730.0,39730.0,39730.0,39730.0,39730.0,39730.0,39730.0,39730.0,39730.0,39730.0,39730.0,30140.0,39730.0,39730.0,39730.0,23090.0
2019-12-17,39000.0,39000.0,39000.0,39000.0,39000.0,39000.0,39000.0,39000.0,39000.0,39000.0,39000.0,29410.0,39000.0,39000.0,39000.0,22360.0
2019-12-18,37530.0,37530.0,37530.0,37530.0,37530.0,37530.0,37530.0,37530.0,37530.0,37530.0,37530.0,27940.0,37530.0,37530.0,37530.0,20890.0
2019-12-19,37420.0,37420.0,37420.0,37420.0,37420.0,37420.0,37420.0,37420.0,37420.0,37420.0,37420.0,27830.0,37420.0,37420.0,37420.0,20780.0
2019-12-20,38150.0,38150.0,38150.0,38150.0,38150.0,38150.0,38150.0,38150.0,38150.0,38150.0,38150.0,28560.0,38150.0,38150.0,38150.0,21510.0
2019-12-23,35950.0,35950.0,35950.0,35950.0,35950.0,35950.0,35950.0,35950.0,35950.0,35950.0,35950.0,26360.0,35950.0,35950.0,35950.0,19310.0
2019-12-24,36560.0,36560.0,36560.0,36560.0,36560.0,36560.0,36560.0,36560.0,36560.0,36560.0,36560.0,26970.0,36560.0,36560.0,36560.0,19920.0
2019-12-26,36970.0,36970.0,36970.0,36970.0,36970.0,36970.0,36970.0,36970.0,36970.0,36970.0,36970.0,26970.0,36970.0,36970.0,36970.0,20330.0
2019-12-27,37020.0,37020.0,37020.0,37020.0,37020.0,37020.0,37020.0,37020.0,37020.0,37020.0,37020.0,26920.0,37020.0,37020.0,37020.0,20380.0
2019-12-30,35040.0,35040.0,35040.0,35040.0,35040.0,35040.0,35040.0,35040.0,35040.0,35040.0,35040.0,28900.0,35040.0,35040.0,35040.0,18400.0
2019-12-31,35900.0,35900.0,35900.0,35900.0,35900.0,35900.0,35900.0,35900.0,35900.0,35900.0,35900.0,28040.0,35900.0,35900.0,35900.0,19260.0
