Date,Baseline,BBP & OBV & RSI & WPR,BBP & OBV & AU & WPR,BBP & OBV & AD & WPR,BBP & OBV & S & WPR,BBP & RSI & AU & WPR,BBP & RSI & AD & WPR,BBP & RSI & S & WPR,BBP & AU & AD & WPR,BBP & AU & S & WPR,BBP & AD & S & WPR,OBV & RSI & AU & WPR,OBV & RSI & AD & WPR,OBV & RSI & S & WPR,OBV & AU & AD & WPR,OBV & AU & S & WPR,OBV & AD & S & WPR,RSI & AU & AD & WPR,RSI & AU & S & WPR,RSI & AD & S & WPR,AU & AD & S & WPR
2020-01-02,0.0,0.0,0.0,0.0,0.0,0.0,0.0,0.0,0.0,0.0,0.0,0.0,0.0,0.0,0.0,0.0,0.0,0.0,0.0,0.0,0.0
2020-01-03,-1700.0,1700.0,-1700.0,-1700.0,-1700.0,-1700.0,-1700.0,-1700.0,-1700.0,-1700.0,-1700.0,-1700.0,-1700.0,-1700.0,-1700.0,-1700.0,-1700.0,1700.0,1700.0,-1700.0,-1700.0
2020-01-06,-2550.0,850.0,-2550.0,-2550.0,-2550.0,-2550.0,-2550.0,-2550.0,-2550.0,-2550.0,-2550.0,-2550.0,-2550.0,-2550.0,-2550.0,-2550.0,-2550.0,2550.0,1700.0,-2550.0,-2550.0
2020-01-07,-2500.0,800.0,-2500.0,-2500.0,-2500.0,-2500.0,-2500.0,-2500.0,-2500.0,-2500.0,-2500.0,-2500.0,-2500.0,-2500.0,-2500.0,-2500.0,-2500.0,2500.0,1650.0,-2500.0,-2500.0
2020-01-08,-2800.0,500.0,-2800.0,-2800.0,-2800.0,-2800.0,-2800.0,-2800.0,-2800.0,-2800.0,-2800.0,-2800.0,-2800.0,-2800.0,-2800.0,-2800.0,-2800.0,2800.0,1650.0,-2800.0,-2800.0
2020-01-09,-3370.0,1070.0,-3370.0,-3370.0,-3370.0,-3370.0,-3370.0,-3370.0,-3370.0,-3370.0,-3370.0,-3370.0,-3370.0,-3370.0,-3370.0,-3370.0,-3370.0,3370.0,2220.0,-3370.0,-3370.0
2020-01-10,-3580.0,860.0,-3580.0,-3580.0,-3580.0,-3580.0,-3580.0,-3580.0,-3580.0,-3580.0,-3580.0,-3580.0,-3580.0,-3580.0,-3580.0,-3580.0,-3580.0,3580.0,2220.0,-3580.0,-3580.0
2020-01-13,-4320.0,1600.0,-4320.0,-4320.0,-4320.0,-4320.0,-4320.0,-4320.0,-4320.0,-4320.0,-4320.0,-4320.0,-4320.0,-4320.0,-4320.0,-4320.0,-4320.0,4320.0,2960.0,-4320.0,-4320.0
2020-01-14,-3000.0,2920.0,-3000.0,-3000.0,-3000.0,-3000.0,-3000.0,-3000.0,-3000.0,-3000.0,-3000.0,-3000.0,-3000.0,-3000.0,-3000.0,-3000.0,-3000.0,3000.0,2960.0,-3000.0,-3000.0
2020-01-15,-3880.0,3800.0,-3880.0,-3880.0,-3880.0,-3880.0,-3880.0,-3880.0,-3880.0,-3880.0,-3880.0,-3880.0,-3880.0,-3880.0,-3880.0,-3880.0,-3880.0,3880.0,3840.0,-3880.0,-3880.0
2020-01-16,-3080.0,4600.0,-3080.0,-3080.0,-3080.0,-3080.0,-3080.0,-3080.0,-3080.0,-3080.0,-3080.0,-3080.0,-3080.0,-3080.0,-3080.0,-3080.0,-3080.0,3080.0,3840.0,-3080.0,-3080.0
2020-01-17,-3870.0,5390.0,-3870.0,-3870.0,-3870.0,-3870.0,-3870.0,-3870.0,-3870.0,-3870.0,-3870.0,-3870.0,-3870.0,-3870.0,-3870.0,-3870.0,-3870.0,3870.0,4630.0,-3870.0,-3870.0
2020-01-21,-4640.0,4620.0,-4640.0,-4640.0,-4640.0,-4640.0,-4640.0,-4640.0,-4640.0,-4640.0,-4640.0,-4640.0,-4640.0,-4640.0,-4640.0,-4640.0,-4640.0,4640.0,4630.0,-4640.0,-4640.0
2020-01-22,-4190.0,4170.0,-4190.0,-4190.0,-4190.0,-4190.0,-4190.0,-4190.0,-4190.0,-4190.0,-4190.0,-4190.0,-4190.0,-4190.0,-4190.0,-4190.0,-4190.0,4190.0,4180.0,-4190.0,-4190.0
2020-01-23,-6000.0,2360.0,-6000.0,-6000.0,-6000.0,-6000.0,-6000.0,-6000.0,-6000.0,-6000.0,-6000.0,-6000.0,-6000.0,-6000.0,-6000.0,-6000.0,-6000.0,6000.0,4180.0,-6000.0,-6000.0
2020-01-24,-8120.0,4480.0,-8120.0,-8120.0,-8120.0,-8120.0,-8120.0,-8120.0,-8120.0,-8120.0,-8120.0,-8120.0,-8120.0,-8120.0,-8120.0,-8120.0,-8120.0,8120.0,6300.0,-8120.0,-8120.0
2020-01-27,-12300.0,300.0,-12300.0,-12300.0,-12300.0,-12300.0,-12300.0,-12300.0,-12300.0,-12300.0,-12300.0,-12300.0,-12300.0,-12300.0,-12300.0,-12300.0,-12300.0,12300.0,6300.0,-12300.0,-12300.0
2020-01-28,-9830.0,-2170.0,-9830.0,-9830.0,-9830.0,-9830.0,-9830.0,-9830.0,-9830.0,-9830.0,-9830.0,-9830.0,-9830.0,-9830.0,-9830.0,-9830.0,-9830.0,9830.0,3830.0,-9830.0,-9830.0
2020-01-29,-12140.0,-4480.0,-12140.0,-12140.0,-12140.0,-7520.0,-12140.0,-12140.0,-12140.0,-12140.0,-12140.0,-12140.0,-12140.0,-12140.0,-12140.0,-12140.0,-12140.0,12140.0,3830.0,-12140.0,-12140.0
2020-01-30,-10390.0,-6230.0,-10390.0,-10390.0,-10390.0,-5770.0,-10390.0,-10390.0,-10390.0,-10390.0,-10390.0,-10390.0,-10390.0,-10390.0,-10390.0,-10390.0,-10390.0,10390.0,2080.0,-10390.0,-10390.0
2020-01-31,-9890.0,-5730.0,-9890.0,-9890.0,-9890.0,-6270.0,-9890.0,-9890.0,-9890.0,-9890.0,-9890.0,-9890.0,-9890.0,-9890.0,-9890.0,-9890.0,-9890.0,9890.0,2080.0,-9890.0,-9890.0
2020-02-03,-6880.0,-8740.0,-6880.0,-6880.0,-6880.0,-9280.0,-6880.0,-6880.0,-6880.0,-6880.0,-6880.0,-6880.0,-6880.0,-6880.0,-6880.0,-6880.0,-6880.0,6880.0,-930.0,-6880.0,-6880.0
2020-02-04,-3470.0,-5330.0,-3470.0,-3470.0,-3470.0,-9280.0,-3470.0,-3470.0,-3470.0,-3470.0,-3470.0,-3470.0,-3470.0,-3470.0,-3470.0,-3470.0,-3470.0,3470.0,-930.0,-3470.0,-3470.0
2020-02-05,-6830.0,-1970.0,-6830.0,-6830.0,-6830.0,-9280.0,-6830.0,-6830.0,-6830.0,-6830.0,-6830.0,-6830.0,-6830.0,-6830.0,-6830.0,-6830.0,-6830.0,6830.0,2430.0,-6830.0,-6830.0
2020-02-06,-5500.0,-640.0,-5500.0,-5500.0,-5500.0,-9280.0,-5500.0,-5500.0,-5500.0,-5500.0,-5500.0,-5500.0,-5500.0,-5500.0,-5500.0,-5500.0,-5500.0,5500.0,2430.0,-5500.0,-5500.0
2020-02-07,-7180.0,1040.0,-7180.0,-7180.0,-7180.0,-9280.0,-7180.0,-7180.0,-7180.0,-7180.0,-7180.0,-7180.0,-7180.0,-7180.0,-7180.0,-7180.0,-7180.0,7180.0,4110.0,-7180.0,-7180.0
2020-02-10,-5610.0,2610.0,-5610.0,-5610.0,-5610.0,-9280.0,-5610.0,-5610.0,-5610.0,-5610.0,-5610.0,-5610.0,-5610.0,-5610.0,-5610.0,-5610.0,-5610.0,5610.0,4110.0,-5610.0,-5610.0
2020-02-11,-7190.0,4190.0,-7190.0,-7190.0,-7190.0,-9280.0,-7190.0,-7190.0,-7190.0,-7190.0,-7190.0,-7190.0,-7190.0,-7190.0,-7190.0,-7190.0,-7190.0,7190.0,5690.0,-7190.0,-7190.0
2020-02-12,-6350.0,5030.0,-6350.0,-6350.0,-6350.0,-9280.0,-6350.0,-6350.0,-6350.0,-6350.0,-6350.0,-6350.0,-6350.0,-6350.0,-6350.0,-6350.0,-6350.0,6350.0,5690.0,-6350.0,-6350.0
2020-02-13,-7300.0,5980.0,-7300.0,-7300.0,-7300.0,-9280.0,-7300.0,-7300.0,-7300.0,-7300.0,-7300.0,-7300.0,-7300.0,-7300.0,-7300.0,-7300.0,-7300.0,7300.0,6640.0,-7300.0,-7300.0
2020-02-14,-8660.0,4620.0,-8660.0,-8660.0,-8660.0,-9280.0,-8660.0,-8660.0,-8660.0,-8660.0,-8660.0,-8660.0,-8660.0,-8660.0,-8660.0,-8660.0,-8660.0,8660.0,6640.0,-8660.0,-8660.0
2020-02-18,-9060.0,5020.0,-9060.0,-9060.0,-9060.0,-8880.0,-9060.0,-9060.0,-9060.0,-9060.0,-9060.0,-9060.0,-9060.0,-9060.0,-9060.0,-9060.0,-9060.0,9060.0,7040.0,-9060.0,-9060.0
2020-02-19,-6900.0,7180.0,-6900.0,-6900.0,-6900.0,-11040.0,-6900.0,-6900.0,-6900.0,-6900.0,-6900.0,-6900.0,-6900.0,-6900.0,-6900.0,-6900.0,-6900.0,6900.0,7040.0,-6900.0,-6900.0
2020-02-20,-7830.0,8110.0,-7830.0,-7830.0,-7830.0,-11040.0,-7830.0,-7830.0,-7830.0,-7830.0,-7830.0,-7830.0,-7830.0,-7830.0,-7830.0,-7830.0,-7830.0,7830.0,7970.0,-7830.0,-7830.0
2020-02-21,-9230.0,6710.0,-9230.0,-9230.0,-9230.0,-9640.0,-9230.0,-9230.0,-9230.0,-9230.0,-9230.0,-9230.0,-9230.0,-9230.0,-9230.0,-9230.0,-9230.0,9230.0,7970.0,-9230.0,-9230.0
2020-02-24,-15190.0,12670.0,-15190.0,-15190.0,-15190.0,-15600.0,-15190.0,-15190.0,-15190.0,-15190.0,-15190.0,-15190.0,-15190.0,-15190.0,-15190.0,-15190.0,-15190.0,15190.0,13930.0,-15190.0,-15190.0
2020-02-25,-20010.0,7850.0,-20010.0,-20010.0,-20010.0,-20420.0,-20010.0,-20010.0,-20010.0,-20010.0,-20010.0,-20010.0,-20010.0,-20010.0,-20010.0,-20010.0,-20010.0,20010.0,13930.0,-20010.0,-20010.0
2020-02-26,-24840.0,12680.0,-24840.0,-24840.0,-24840.0,-25250.0,-24840.0,-24840.0,-24840.0,-24840.0,-24840.0,-24840.0,-24840.0,-24840.0,-24840.0,-24840.0,-24840.0,24840.0,18760.0,-24840.0,-24840.0
2020-02-27,-30160.0,7360.0,-30160.0,-30160.0,-30160.0,-30570.0,-30160.0,-30160.0,-30160.0,-30160.0,-30160.0,-30160.0,-30160.0,-30160.0,-30160.0,-30160.0,-30160.0,30160.0,18760.0,-30160.0,-30160.0
2020-02-28,-30550.0,7750.0,-30550.0,-30550.0,-30550.0,-30960.0,-30550.0,-30550.0,-30550.0,-30550.0,-30550.0,-30550.0,-30550.0,-30550.0,-30550.0,-30550.0,-30550.0,30550.0,19150.0,-30550.0,-30550.0
2020-03-02,-28220.0,10080.0,-28220.0,-28220.0,-28220.0,-28630.0,-28220.0,-28220.0,-28220.0,-28220.0,-28220.0,-28220.0,-28220.0,-28220.0,-28220.0,-28220.0,-28220.0,28220.0,19150.0,-28220.0,-28220.0
2020-03-03,-31750.0,13610.0,-31750.0,-31750.0,-31750.0,-32160.0,-31750.0,-31750.0,-31750.0,-31750.0,-31750.0,-31750.0,-31750.0,-31750.0,-31750.0,-31750.0,-31750.0,31750.0,22680.0,-31750.0,-31750.0
2020-03-04,-29020.0,16340.0,-29020.0,-29020.0,-29020.0,-29430.0,-29020.0,-29020.0,-29020.0,-29020.0,-29020.0,-29020.0,-29020.0,-29020.0,-29020.0,-29020.0,-29020.0,29020.0,22680.0,-29020.0,-29020.0
2020-03-05,-34220.0,21540.0,-34220.0,-34220.0,-34220.0,-34630.0,-34220.0,-34220.0,-34220.0,-34220.0,-34220.0,-34220.0,-34220.0,-34220.0,-34220.0,-34220.0,-34220.0,34220.0,27880.0,-34220.0,-34220.0
2020-03-06,-32930.0,22830.0,-32930.0,-32930.0,-32930.0,-33340.0,-32930.0,-32930.0,-32930.0,-32930.0,-32930.0,-32930.0,-32930.0,-32930.0,-32930.0,-32930.0,-32930.0,32930.0,27880.0,-32930.0,-32930.0
2020-03-09,-43850.0,33750.0,-43850.0,-43850.0,-43850.0,-44260.0,-43850.0,-43850.0,-43850.0,-43850.0,-43850.0,-43850.0,-43850.0,-43850.0,-43850.0,-43850.0,-43850.0,43850.0,38800.0,-43850.0,-43850.0
2020-03-10,-36740.0,40860.0,-36740.0,-36740.0,-36740.0,-37150.0,-36740.0,-36740.0,-36740.0,-36740.0,-36740.0,-36740.0,-36740.0,-36740.0,-36740.0,-36740.0,-36740.0,36740.0,38800.0,-36740.0,-36740.0
2020-03-11,-42690.0,46810.0,-42690.0,-42690.0,-42690.0,-31200.0,-42690.0,-42690.0,-42690.0,-42690.0,-42690.0,-42690.0,-42690.0,-42690.0,-42690.0,-42690.0,-42690.0,42690.0,44750.0,-42690.0,-42690.0
2020-03-12,-56390.0,33110.0,-56390.0,-56390.0,-56390.0,-44900.0,-56390.0,-56390.0,-56390.0,-56390.0,-56390.0,-56390.0,-56390.0,-56390.0,-56390.0,-56390.0,-56390.0,56390.0,44750.0,-56390.0,-56390.0
2020-03-13,-45680.0,22400.0,-45680.0,-45680.0,-45680.0,-34190.0,-45680.0,-45680.0,-45680.0,-45680.0,-45680.0,-45680.0,-45680.0,-45680.0,-45680.0,-45680.0,-45680.0,45680.0,34040.0,-45680.0,-45680.0
2020-03-16,-53190.0,14890.0,-53190.0,-53190.0,-53190.0,-26680.0,-53190.0,-53190.0,-53190.0,-53190.0,-53190.0,-53190.0,-53190.0,-53190.0,-53190.0,-53190.0,-53190.0,53190.0,34040.0,-53190.0,-53190.0
2020-03-17,-54670.0,16370.0,-54670.0,-54670.0,-54670.0,-28160.0,-54670.0,-54670.0,-54670.0,-54670.0,-54670.0,-54670.0,-54670.0,-54670.0,-54670.0,-54670.0,-54670.0,54670.0,35520.0,-54670.0,-54670.0
2020-03-18,-59400.0,11640.0,-59400.0,-59400.0,-59400.0,-32890.0,-59400.0,-59400.0,-59400.0,-59400.0,-59400.0,-59400.0,-59400.0,-59400.0,-59400.0,-59400.0,-59400.0,59400.0,35520.0,-59400.0,-59400.0
2020-03-19,-53270.0,5510.0,-53270.0,-53270.0,-53270.0,-26760.0,-53270.0,-53270.0,-53270.0,-53270.0,-53270.0,-53270.0,-53270.0,-53270.0,-53270.0,-53270.0,-53270.0,53270.0,29390.0,-53270.0,-53270.0
2020-03-20,-62220.0,-3440.0,-62220.0,-62220.0,-62220.0,-17810.0,-62220.0,-62220.0,-62220.0,-62220.0,-62220.0,-62220.0,-62220.0,-62220.0,-62220.0,-62220.0,-62220.0,62220.0,29390.0,-62220.0,-62220.0
2020-03-23,-62440.0,-3220.0,-62440.0,-62440.0,-62440.0,-18030.0,-62440.0,-62440.0,-62440.0,-62440.0,-62440.0,-62440.0,-62440.0,-62440.0,-62440.0,-62440.0,-62440.0,62440.0,29610.0,-62440.0,-62440.0
2020-03-24,-50080.0,9140.0,-50080.0,-50080.0,-50080.0,-5670.0,-50080.0,-50080.0,-50080.0,-50080.0,-50080.0,-50080.0,-50080.0,-50080.0,-50080.0,-50080.0,-50080.0,50080.0,29610.0,-50080.0,-50080.0
2020-03-25,-47470.0,6530.0,-47470.0,-47470.0,-47470.0,-8280.0,-47470.0,-47470.0,-47470.0,-47470.0,-47470.0,-47470.0,-47470.0,-47470.0,-47470.0,-47470.0,-47470.0,47470.0,27000.0,-47470.0,-47470.0
2020-03-26,-42840.0,11160.0,-42840.0,-42840.0,-42840.0,-8280.0,-42840.0,-42840.0,-42840.0,-42840.0,-42840.0,-42840.0,-42840.0,-42840.0,-42840.0,-42840.0,-42840.0,42840.0,27000.0,-42840.0,-42840.0
2020-03-27,-51800.0,20120.0,-51800.0,-51800.0,-51800.0,-8280.0,-51800.0,-51800.0,-51800.0,-51800.0,-51800.0,-51800.0,-51800.0,-51800.0,-51800.0,-51800.0,-51800.0,51800.0,35960.0,-51800.0,-51800.0
2020-03-30,-48400.0,23520.0,-48400.0,-48400.0,-48400.0,-11680.0,-48400.0,-48400.0,-48400.0,-48400.0,-48400.0,-48400.0,-48400.0,-48400.0,-48400.0,-48400.0,-48400.0,48400.0,35960.0,-48400.0,-48400.0
2020-03-31,-51600.0,26720.0,-51600.0,-51600.0,-51600.0,-11680.0,-51600.0,-51600.0,-51600.0,-51600.0,-51600.0,-51600.0,-51600.0,-51600.0,-51600.0,-51600.0,-51600.0,51600.0,39160.0,-51600.0,-51600.0
2020-04-01,-53280.0,25040.0,-53280.0,-53280.0,-53280.0,-11680.0,-53280.0,-53280.0,-53280.0,-53280.0,-53280.0,-53280.0,-53280.0,-53280.0,-53280.0,-53280.0,-53280.0,53280.0,39160.0,-53280.0,-53280.0
2020-04-02,-51230.0,22990.0,-51230.0,-51230.0,-51230.0,-11680.0,-51230.0,-51230.0,-51230.0,-51230.0,-51230.0,-51230.0,-51230.0,-51230.0,-51230.0,-51230.0,-51230.0,51230.0,37110.0,-51230.0,-51230.0
2020-04-03,-54320.0,19900.0,-54320.0,-54320.0,-54320.0,-11680.0,-54320.0,-54320.0,-54320.0,-54320.0,-54320.0,-54320.0,-54320.0,-54320.0,-54320.0,-54320.0,-54320.0,54320.0,37110.0,-54320.0,-54320.0
2020-04-06,-48620.0,14200.0,-48620.0,-48620.0,-48620.0,-17380.0,-48620.0,-48620.0,-48620.0,-48620.0,-48620.0,-48620.0,-48620.0,-48620.0,-48620.0,-48620.0,-48620.0,48620.0,31410.0,-48620.0,-48620.0
2020-04-07,-46960.0,15860.0,-46960.0,-46960.0,-46960.0,-17380.0,-46960.0,-46960.0,-46960.0,-46960.0,-46960.0,-46960.0,-46960.0,-46960.0,-46960.0,-46960.0,-46960.0,46960.0,31410.0,-46960.0,-46960.0
2020-04-08,-47130.0,16030.0,-47130.0,-47130.0,-47130.0,-17380.0,-47130.0,-47130.0,-47130.0,-47130.0,-47130.0,-47130.0,-47130.0,-47130.0,-47130.0,-47130.0,-47130.0,47130.0,31580.0,-47130.0,-47130.0
2020-04-09,-43700.0,19460.0,-43700.0,-43700.0,-43700.0,-17380.0,-43700.0,-43700.0,-43700.0,-43700.0,-43700.0,-43700.0,-43700.0,-43700.0,-43700.0,-43700.0,-43700.0,43700.0,31580.0,-43700.0,-43700.0
2020-04-13,-44700.0,20460.0,-44700.0,-44700.0,-44700.0,-17380.0,-44700.0,-44700.0,-44700.0,-44700.0,-44700.0,-44700.0,-44700.0,-44700.0,-44700.0,-44700.0,-44700.0,44700.0,32580.0,-44700.0,-44700.0
2020-04-14,-42170.0,22990.0,-42170.0,-42170.0,-42170.0,-17380.0,-42170.0,-42170.0,-42170.0,-42170.0,-42170.0,-42170.0,-42170.0,-42170.0,-42170.0,-42170.0,-42170.0,42170.0,32580.0,-42170.0,-42170.0
2020-04-15,-44830.0,25650.0,-44830.0,-44830.0,-44830.0,-17380.0,-44830.0,-44830.0,-42170.0,-44830.0,-44830.0,-44830.0,-44830.0,-44830.0,-44830.0,-44830.0,-44830.0,44830.0,35240.0,-44830.0,-44830.0
2020-04-16,-46180.0,24300.0,-46180.0,-46180.0,-46180.0,-17380.0,-46180.0,-46180.0,-42170.0,-46180.0,-46180.0,-46180.0,-46180.0,-46180.0,-46180.0,-46180.0,-46180.0,46180.0,35240.0,-46180.0,-46180.0
2020-04-17,-41570.0,19690.0,-41570.0,-41570.0,-41570.0,-17380.0,-41570.0,-41570.0,-42170.0,-41570.0,-41570.0,-41570.0,-41570.0,-41570.0,-41570.0,-41570.0,-41570.0,41570.0,30630.0,-41570.0,-41570.0
2020-04-20,-45940.0,15320.0,-45940.0,-45940.0,-45940.0,-17380.0,-45940.0,-45940.0,-46540.0,-45940.0,-45940.0,-45940.0,-45940.0,-45940.0,-45940.0,-45940.0,-45940.0,45940.0,30630.0,-45940.0,-45940.0
2020-04-21,-47660.0,17040.0,-47660.0,-47660.0,-47660.0,-17380.0,-47660.0,-47660.0,-48260.0,-47660.0,-47660.0,-47660.0,-47660.0,-47660.0,-47660.0,-47660.0,-47660.0,47660.0,32350.0,-47660.0,-47660.0
2020-04-22,-47210.0,17490.0,-47210.0,-47210.0,-47210.0,-17380.0,-47210.0,-47210.0,-47810.0,-47210.0,-47210.0,-47210.0,-47210.0,-47210.0,-47210.0,-47210.0,-47210.0,47210.0,32350.0,-47210.0,-47210.0
2020-04-23,-47200.0,17480.0,-47200.0,-47200.0,-47200.0,-17380.0,-47200.0,-47200.0,-47800.0,-47200.0,-47200.0,-47200.0,-47200.0,-47200.0,-47200.0,-47200.0,-47200.0,47200.0,32340.0,-47200.0,-47200.0
2020-04-24,-47010.0,17670.0,-47010.0,-47010.0,-47010.0,-17380.0,-47010.0,-47010.0,-47610.0,-47010.0,-47010.0,-47010.0,-47010.0,-47010.0,-47010.0,-47010.0,-47010.0,47010.0,32340.0,-47010.0,-47010.0
2020-04-27,-42140.0,12800.0,-42140.0,-42140.0,-42140.0,-22250.0,-42140.0,-42140.0,-42740.0,-42140.0,-42140.0,-42140.0,-42140.0,-42140.0,-42140.0,-42140.0,-42140.0,42140.0,27470.0,-42140.0,-42140.0
2020-04-28,-41990.0,12950.0,-41990.0,-41990.0,-41990.0,-22250.0,-41990.0,-41990.0,-42590.0,-41990.0,-41990.0,-41990.0,-41990.0,-41990.0,-41990.0,-41990.0,-41990.0,41990.0,27470.0,-41990.0,-41990.0
2020-04-29,-35950.0,6910.0,-35950.0,-35950.0,-35950.0,-22250.0,-35950.0,-35950.0,-36550.0,-35950.0,-35950.0,-35950.0,-35950.0,-35950.0,-35950.0,-35950.0,-35950.0,35950.0,21430.0,-35950.0,-35950.0
2020-04-30,-40050.0,2810.0,-40050.0,-40050.0,-40050.0,-22250.0,-40050.0,-40050.0,-36550.0,-40050.0,-40050.0,-40050.0,-40050.0,-40050.0,-40050.0,-40050.0,-40050.0,40050.0,21430.0,-40050.0,-40050.0
2020-05-01,-42700.0,5460.0,-42700.0,-42700.0,-42700.0,-22250.0,-42700.0,-42700.0,-36550.0,-42700.0,-42700.0,-42700.0,-42700.0,-42700.0,-42700.0,-42700.0,-42700.0,42700.0,24080.0,-42700.0,-42700.0
2020-05-04,-45020.0,3140.0,-45020.0,-45020.0,-45020.0,-19930.0,-45020.0,-45020.0,-38870.0,-45020.0,-45020.0,-45020.0,-45020.0,-45020.0,-45020.0,-45020.0,-45020.0,45020.0,24080.0,-45020.0,-45020.0
2020-05-05,-47140.0,5260.0,-47140.0,-47140.0,-47140.0,-17810.0,-47140.0,-47140.0,-40990.0,-47140.0,-47140.0,-47140.0,-47140.0,-47140.0,-47140.0,-47140.0,-47140.0,47140.0,26200.0,-47140.0,-47140.0
2020-05-06,-47320.0,5080.0,-47320.0,-47320.0,-47320.0,-17990.0,-47320.0,-47320.0,-41170.0,-47320.0,-47320.0,-47320.0,-47320.0,-47320.0,-47320.0,-47320.0,-47320.0,47320.0,26200.0,-47320.0,-47320.0
2020-05-07,-42630.0,390.0,-42630.0,-42630.0,-42630.0,-13300.0,-42630.0,-42630.0,-36480.0,-42630.0,-42630.0,-42630.0,-42630.0,-42630.0,-42630.0,-42630.0,-42630.0,42630.0,21510.0,-42630.0,-42630.0
2020-05-08,-39040.0,3980.0,-39040.0,-39040.0,-39040.0,-16890.0,-39040.0,-39040.0,-32890.0,-39040.0,-39040.0,-39040.0,-39040.0,-39040.0,-39040.0,-39040.0,-39040.0,39040.0,21510.0,-39040.0,-39040.0
2020-05-11,-40430.0,5370.0,-40430.0,-40430.0,-40430.0,-16890.0,-40430.0,-40430.0,-34280.0,-40430.0,-40430.0,-40430.0,-40430.0,-40430.0,-40430.0,-40430.0,-40430.0,40430.0,22900.0,-40430.0,-40430.0
2020-05-12,-43640.0,2160.0,-43640.0,-43640.0,-43640.0,-16890.0,-43640.0,-43640.0,-37490.0,-43640.0,-43640.0,-43640.0,-43640.0,-43640.0,-43640.0,-43640.0,-43640.0,43640.0,22900.0,-43640.0,-43640.0
2020-05-13,-45280.0,3800.0,-45280.0,-45280.0,-45280.0,-15250.0,-45280.0,-45280.0,-39130.0,-45280.0,-45280.0,-45280.0,-45280.0,-45280.0,-45280.0,-45280.0,-45280.0,45280.0,24540.0,-45280.0,-45280.0
2020-05-14,-42290.0,6790.0,-42290.0,-42290.0,-42290.0,-18240.0,-42290.0,-42290.0,-36140.0,-42290.0,-42290.0,-42290.0,-42290.0,-42290.0,-42290.0,-42290.0,-42290.0,42290.0,24540.0,-42290.0,-42290.0
2020-05-15,-39150.0,3650.0,-39150.0,-39150.0,-39150.0,-21380.0,-39150.0,-39150.0,-33000.0,-39150.0,-39150.0,-39150.0,-39150.0,-39150.0,-39150.0,-39150.0,-39150.0,39150.0,21400.0,-39150.0,-39150.0
2020-05-18,-31350.0,11450.0,-31350.0,-31350.0,-31350.0,-21380.0,-31350.0,-31350.0,-25200.0,-31350.0,-31350.0,-31350.0,-31350.0,-31350.0,-31350.0,-31350.0,-31350.0,31350.0,21400.0,-31350.0,-31350.0
2020-05-19,-33830.0,13930.0,-33830.0,-33830.0,-33830.0,-21380.0,-33830.0,-33830.0,-25200.0,-33830.0,-33830.0,-33830.0,-33830.0,-33830.0,-33830.0,-33830.0,-33830.0,33830.0,23880.0,-33830.0,-33830.0
2020-05-20,-28280.0,19480.0,-28280.0,-28280.0,-28280.0,-21380.0,-28280.0,-28280.0,-25200.0,-28280.0,-28280.0,-28280.0,-28280.0,-28280.0,-28280.0,-28280.0,-28280.0,28280.0,23880.0,-28280.0,-28280.0
2020-05-21,-30370.0,21570.0,-30370.0,-30370.0,-30370.0,-21380.0,-30370.0,-30370.0,-27290.0,-30370.0,-30370.0,-30370.0,-30370.0,-30370.0,-30370.0,-30370.0,-30370.0,30370.0,25970.0,-30370.0,-30370.0
2020-05-22,-30180.0,21760.0,-30180.0,-30180.0,-30180.0,-21380.0,-30180.0,-30180.0,-27290.0,-30180.0,-30180.0,-30180.0,-30180.0,-30180.0,-30180.0,-30180.0,-30180.0,30180.0,25970.0,-30180.0,-30180.0
2020-05-26,-27250.0,18830.0,-27250.0,-27250.0,-27250.0,-21380.0,-27250.0,-27250.0,-24360.0,-27250.0,-27250.0,-27250.0,-27250.0,-27250.0,-27250.0,-27250.0,-27250.0,27250.0,23040.0,-27250.0,-27250.0
2020-05-27,-26670.0,19410.0,-26670.0,-26670.0,-26670.0,-21380.0,-26670.0,-26670.0,-24360.0,-26670.0,-26670.0,-26670.0,-26670.0,-26670.0,-26670.0,-26670.0,-26670.0,26670.0,23040.0,-26670.0,-26670.0
2020-05-28,-31450.0,24190.0,-31450.0,-31450.0,-31450.0,-21380.0,-31450.0,-31450.0,-29140.0,-31450.0,-31450.0,-31450.0,-31450.0,-31450.0,-31450.0,-31450.0,-31450.0,31450.0,27820.0,-31450.0,-31450.0
2020-05-29,-30900.0,24740.0,-30900.0,-30900.0,-30900.0,-21380.0,-30900.0,-30900.0,-28590.0,-30900.0,-30900.0,-30900.0,-30900.0,-30900.0,-30900.0,-30900.0,-30900.0,30900.0,27820.0,-30900.0,-30900.0
2020-06-01,-29430.0,23270.0,-29430.0,-29430.0,-29430.0,-21380.0,-29430.0,-29430.0,-27120.0,-29430.0,-29430.0,-29430.0,-29430.0,-29430.0,-29430.0,-29430.0,-29430.0,29430.0,26350.0,-29430.0,-29430.0
2020-06-02,-29450.0,23250.0,-29450.0,-29450.0,-29450.0,-21380.0,-29450.0,-29450.0,-27140.0,-29450.0,-29450.0,-29450.0,-29450.0,-29450.0,-29450.0,-29450.0,-29450.0,29450.0,26350.0,-29450.0,-29450.0
2020-06-03,-26020.0,19820.0,-26020.0,-26020.0,-26020.0,-21380.0,-26020.0,-26020.0,-23710.0,-26020.0,-26020.0,-26020.0,-26020.0,-26020.0,-26020.0,-26020.0,-26020.0,26020.0,22920.0,-26020.0,-26020.0
2020-06-04,-24510.0,21330.0,-24510.0,-24510.0,-24510.0,-21380.0,-24510.0,-24510.0,-23710.0,-24510.0,-24510.0,-24510.0,-24510.0,-24510.0,-24510.0,-24510.0,-24510.0,24510.0,22920.0,-24510.0,-24510.0
2020-06-05,-23380.0,20200.0,-23380.0,-23380.0,-23380.0,-21380.0,-23380.0,-23380.0,-22580.0,-23380.0,-23380.0,-23380.0,-23380.0,-23380.0,-23380.0,-23380.0,-23380.0,23380.0,21790.0,-23380.0,-23380.0
2020-06-08,-20920.0,22660.0,-20920.0,-20920.0,-20920.0,-21380.0,-20920.0,-20920.0,-20120.0,-20920.0,-20920.0,-20920.0,-20920.0,-20920.0,-20920.0,-20920.0,-20920.0,20920.0,21790.0,-20920.0,-20920.0
2020-06-09,-24310.0,26050.0,-24310.0,-24310.0,-24310.0,-21380.0,-24310.0,-24310.0,-23510.0,-24310.0,-24310.0,-24310.0,-24310.0,-24310.0,-24310.0,-24310.0,-24310.0,24310.0,25180.0,-24310.0,-24310.0
2020-06-10,-26020.0,24340.0,-26020.0,-26020.0,-26020.0,-21380.0,-26020.0,-26020.0,-25220.0,-26020.0,-26020.0,-26020.0,-26020.0,-26020.0,-26020.0,-26020.0,-26020.0,26020.0,25180.0,-26020.0,-26020.0
2020-06-11,-35560.0,33880.0,-35560.0,-35560.0,-35560.0,-21380.0,-35560.0,-35560.0,-34760.0,-35560.0,-35560.0,-35560.0,-35560.0,-35560.0,-35560.0,-35560.0,-35560.0,35560.0,34720.0,-35560.0,-35560.0
2020-06-12,-32710.0,36730.0,-32710.0,-32710.0,-32710.0,-18530.0,-32710.0,-32710.0,-31910.0,-32710.0,-32710.0,-32710.0,-32710.0,-32710.0,-32710.0,-32710.0,-32710.0,32710.0,34720.0,-32710.0,-32710.0
2020-06-15,-31120.0,35140.0,-31120.0,-31120.0,-31120.0,-20120.0,-31120.0,-31120.0,-30320.0,-31120.0,-31120.0,-31120.0,-31120.0,-31120.0,-31120.0,-31120.0,-31120.0,31120.0,33130.0,-31120.0,-31120.0
2020-06-16,-29760.0,36500.0,-29760.0,-29760.0,-29760.0,-21480.0,-29760.0,-29760.0,-28960.0,-29760.0,-29760.0,-29760.0,-29760.0,-29760.0,-29760.0,-29760.0,-29760.0,29760.0,33130.0,-29760.0,-29760.0
2020-06-17,-30550.0,37290.0,-30550.0,-30550.0,-30550.0,-20690.0,-30550.0,-30550.0,-29750.0,-30550.0,-30550.0,-30550.0,-30550.0,-30550.0,-30550.0,-30550.0,-30550.0,30550.0,33920.0,-30550.0,-30550.0
2020-06-18,-29830.0,38010.0,-29830.0,-29830.0,-29830.0,-21410.0,-29830.0,-29830.0,-29030.0,-29830.0,-29830.0,-29830.0,-29830.0,-29830.0,-29830.0,-29830.0,-29830.0,29830.0,33920.0,-29830.0,-29830.0
2020-06-19,-33850.0,42030.0,-33850.0,-33850.0,-33850.0,-17390.0,-33850.0,-33850.0,-33050.0,-33850.0,-33850.0,-33850.0,-33850.0,-33850.0,-33850.0,-33850.0,-33850.0,33850.0,37940.0,-33850.0,-33850.0
2020-06-22,-32280.0,43600.0,-32280.0,-32280.0,-32280.0,-17390.0,-32280.0,-32280.0,-31480.0,-32280.0,-32280.0,-32280.0,-32280.0,-32280.0,-32280.0,-32280.0,-32280.0,32280.0,37940.0,-32280.0,-32280.0
2020-06-23,-31610.0,42930.0,-31610.0,-31610.0,-31610.0,-18060.0,-31610.0,-31610.0,-30810.0,-31610.0,-31610.0,-31610.0,-31610.0,-31610.0,-31610.0,-31610.0,-31610.0,31610.0,37270.0,-31610.0,-31610.0
2020-06-24,-36130.0,38410.0,-36130.0,-36130.0,-36130.0,-13540.0,-36130.0,-36130.0,-35330.0,-36130.0,-36130.0,-36130.0,-36130.0,-36130.0,-36130.0,-36130.0,-36130.0,36130.0,37270.0,-36130.0,-36130.0
2020-06-25,-36840.0,39120.0,-36840.0,-36840.0,-36840.0,-14250.0,-36840.0,-36840.0,-36040.0,-36840.0,-36840.0,-36840.0,-36840.0,-36840.0,-36840.0,-36840.0,-36840.0,36840.0,37980.0,-36840.0,-36840.0
2020-06-26,-39100.0,36860.0,-39100.0,-39100.0,-39100.0,-16510.0,-39100.0,-39100.0,-38300.0,-39100.0,-39100.0,-39100.0,-39100.0,-39100.0,-39100.0,-39100.0,-39100.0,39100.0,37980.0,-39100.0,-39100.0
2020-06-29,-36680.0,34440.0,-36680.0,-36680.0,-36680.0,-14090.0,-36680.0,-36680.0,-35880.0,-36680.0,-36680.0,-36680.0,-36680.0,-36680.0,-36680.0,-36680.0,-36680.0,36680.0,35560.0,-36680.0,-36680.0
2020-06-30,-36690.0,34430.0,-36690.0,-36690.0,-36690.0,-14080.0,-36690.0,-36690.0,-35890.0,-36690.0,-36690.0,-36690.0,-36690.0,-36690.0,-36690.0,-36690.0,-36690.0,36690.0,35560.0,-36690.0,-36690.0
2020-07-01,-35190.0,32930.0,-35190.0,-35190.0,-35190.0,-15580.0,-35190.0,-35190.0,-34390.0,-35190.0,-35190.0,-35190.0,-35190.0,-35190.0,-35190.0,-35190.0,-35190.0,35190.0,34060.0,-35190.0,-35190.0
2020-07-02,-36020.0,32100.0,-36020.0,-36020.0,-36020.0,-14750.0,-36020.0,-36020.0,-35220.0,-36020.0,-36020.0,-36020.0,-36020.0,-36020.0,-36020.0,-36020.0,-36020.0,36020.0,34060.0,-36020.0,-36020.0
2020-07-06,-33770.0,29850.0,-33770.0,-33770.0,-33770.0,-17000.0,-33770.0,-33770.0,-32970.0,-33770.0,-33770.0,-33770.0,-33770.0,-33770.0,-33770.0,-33770.0,-33770.0,33770.0,31810.0,-33770.0,-33770.0
2020-07-07,-34570.0,29050.0,-34570.0,-34570.0,-34570.0,-17000.0,-34570.0,-34570.0,-33770.0,-34570.0,-34570.0,-34570.0,-34570.0,-34570.0,-34570.0,-34570.0,-34570.0,34570.0,31810.0,-34570.0,-34570.0
2020-07-08,-31540.0,26020.0,-31540.0,-31540.0,-31540.0,-20030.0,-31540.0,-31540.0,-30740.0,-31540.0,-31540.0,-31540.0,-31540.0,-31540.0,-31540.0,-31540.0,-31540.0,31540.0,28780.0,-31540.0,-31540.0
2020-07-09,-31390.0,26170.0,-31390.0,-31390.0,-31390.0,-20030.0,-31390.0,-31390.0,-30590.0,-31390.0,-31390.0,-31390.0,-31390.0,-31390.0,-31390.0,-31390.0,-31390.0,31390.0,28780.0,-31390.0,-31390.0
2020-07-10,-28860.0,23640.0,-28860.0,-28860.0,-28860.0,-20030.0,-28860.0,-28860.0,-28060.0,-28860.0,-28860.0,-28860.0,-28860.0,-28860.0,-28860.0,-28860.0,-28860.0,28860.0,26250.0,-28860.0,-28860.0
2020-07-13,-31980.0,20520.0,-31980.0,-31980.0,-31980.0,-20030.0,-31980.0,-31980.0,-28060.0,-31980.0,-31980.0,-31980.0,-31980.0,-31980.0,-31980.0,-31980.0,-31980.0,31980.0,26250.0,-31980.0,-31980.0
2020-07-14,-29540.0,18080.0,-29540.0,-29540.0,-29540.0,-20030.0,-29540.0,-29540.0,-28060.0,-29540.0,-29540.0,-29540.0,-29540.0,-29540.0,-29540.0,-29540.0,-29540.0,29540.0,23810.0,-29540.0,-29540.0
2020-07-15,-27300.0,20320.0,-27300.0,-27300.0,-27300.0,-20030.0,-27300.0,-27300.0,-25820.0,-27300.0,-27300.0,-27300.0,-27300.0,-27300.0,-27300.0,-27300.0,-27300.0,27300.0,23810.0,-27300.0,-27300.0
2020-07-16,-28770.0,21790.0,-28770.0,-28770.0,-28770.0,-20030.0,-28770.0,-28770.0,-25820.0,-28770.0,-28770.0,-28770.0,-28770.0,-28770.0,-28770.0,-28770.0,-28770.0,28770.0,25280.0,-28770.0,-28770.0
2020-07-17,-29550.0,21010.0,-29550.0,-29550.0,-29550.0,-20030.0,-29550.0,-29550.0,-26600.0,-29550.0,-29550.0,-29550.0,-29550.0,-29550.0,-29550.0,-29550.0,-29550.0,29550.0,25280.0,-29550.0,-29550.0
2020-07-20,-30410.0,21870.0,-30410.0,-30410.0,-30410.0,-20030.0,-30410.0,-30410.0,-27460.0,-30410.0,-30410.0,-30410.0,-30410.0,-30410.0,-30410.0,-30410.0,-30410.0,30410.0,26140.0,-30410.0,-30410.0
2020-07-21,-29580.0,22700.0,-29580.0,-29580.0,-29580.0,-20030.0,-29580.0,-29580.0,-26630.0,-29580.0,-29580.0,-29580.0,-29580.0,-29580.0,-29580.0,-29580.0,-29580.0,29580.0,26140.0,-29580.0,-29580.0
2020-07-22,-29170.0,22290.0,-29170.0,-29170.0,-29170.0,-20030.0,-29170.0,-29170.0,-26220.0,-29170.0,-29170.0,-29170.0,-29170.0,-29170.0,-29170.0,-29170.0,-29170.0,29170.0,25730.0,-29170.0,-29170.0
2020-07-23,-30080.0,21380.0,-30080.0,-30080.0,-30080.0,-20030.0,-30080.0,-30080.0,-27130.0,-30080.0,-30080.0,-30080.0,-30080.0,-30080.0,-30080.0,-30080.0,-30080.0,30080.0,25730.0,-30080.0,-30080.0
2020-07-24,-30590.0,21890.0,-30590.0,-30590.0,-30590.0,-20030.0,-30590.0,-30590.0,-27640.0,-30590.0,-30590.0,-30590.0,-30590.0,-30590.0,-30590.0,-30590.0,-30590.0,30590.0,26240.0,-30590.0,-30590.0
2020-07-27,-31890.0,20590.0,-31890.0,-31890.0,-31890.0,-20030.0,-31890.0,-31890.0,-28940.0,-31890.0,-31890.0,-31890.0,-31890.0,-31890.0,-31890.0,-31890.0,-31890.0,31890.0,26240.0,-31890.0,-31890.0
2020-07-28,-32020.0,20720.0,-32020.0,-32020.0,-32020.0,-20160.0,-32020.0,-32020.0,-29070.0,-32020.0,-32020.0,-32020.0,-32020.0,-32020.0,-32020.0,-32020.0,-32020.0,32020.0,26370.0,-32020.0,-32020.0
2020-07-29,-32590.0,20150.0,-32590.0,-32590.0,-32590.0,-20730.0,-32590.0,-32590.0,-29640.0,-32590.0,-32590.0,-32590.0,-32590.0,-32590.0,-32590.0,-32590.0,-32590.0,32590.0,26370.0,-32590.0,-32590.0
2020-07-30,-32540.0,20100.0,-32540.0,-32540.0,-32540.0,-20680.0,-32540.0,-32540.0,-29590.0,-32540.0,-32540.0,-32540.0,-32540.0,-32540.0,-32540.0,-32540.0,-32540.0,32540.0,26320.0,-32540.0,-32540.0
2020-07-31,-31260.0,21380.0,-31260.0,-31260.0,-31260.0,-19400.0,-31260.0,-31260.0,-28310.0,-31260.0,-31260.0,-31260.0,-31260.0,-31260.0,-31260.0,-31260.0,-31260.0,31260.0,26320.0,-31260.0,-31260.0
2020-08-03,-31850.0,21970.0,-31850.0,-31850.0,-31850.0,-18810.0,-31850.0,-31850.0,-28900.0,-31850.0,-31850.0,-31850.0,-31850.0,-31850.0,-31850.0,-31850.0,-31850.0,31850.0,26910.0,-31850.0,-31850.0
2020-08-04,-30910.0,22910.0,-30910.0,-30910.0,-30910.0,-19750.0,-30910.0,-30910.0,-27960.0,-30910.0,-30910.0,-30910.0,-30910.0,-30910.0,-30910.0,-30910.0,-30910.0,30910.0,26910.0,-30910.0,-30910.0
2020-08-05,-20590.0,12590.0,-20590.0,-20590.0,-20590.0,-30070.0,-20590.0,-20590.0,-17640.0,-20590.0,-20590.0,-20590.0,-20590.0,-20590.0,-20590.0,-20590.0,-20590.0,20590.0,16590.0,-20590.0,-20590.0
2020-08-06,-17380.0,15800.0,-17380.0,-17380.0,-17380.0,-30070.0,-17380.0,-17380.0,-17640.0,-17380.0,-17380.0,-17380.0,-17380.0,-17380.0,-17380.0,-17380.0,-17380.0,17380.0,16590.0,-17380.0,-17380.0
2020-08-07,-18270.0,16690.0,-18270.0,-18270.0,-18270.0,-30070.0,-18270.0,-18270.0,-18530.0,-18270.0,-18270.0,-18270.0,-18270.0,-18270.0,-18270.0,-18270.0,-18270.0,18270.0,17480.0,-18270.0,-18270.0
2020-08-10,-19410.0,15550.0,-19410.0,-19410.0,-19410.0,-30070.0,-19410.0,-19410.0,-18530.0,-19410.0,-19410.0,-19410.0,-19410.0,-19410.0,-19410.0,-19410.0,-19410.0,19410.0,17480.0,-19410.0,-19410.0
2020-08-11,-17710.0,13850.0,-17710.0,-17710.0,-17710.0,-30070.0,-17710.0,-17710.0,-18530.0,-17710.0,-17710.0,-17710.0,-17710.0,-17710.0,-17710.0,-17710.0,-17710.0,17710.0,15780.0,-17710.0,-17710.0
2020-08-12,-16410.0,15150.0,-16410.0,-16410.0,-16410.0,-30070.0,-16410.0,-16410.0,-17230.0,-16410.0,-16410.0,-16410.0,-16410.0,-16410.0,-16410.0,-16410.0,-16410.0,16410.0,15780.0,-16410.0,-16410.0
2020-08-13,-17240.0,15980.0,-17240.0,-17240.0,-17240.0,-30070.0,-17240.0,-17240.0,-17230.0,-17240.0,-17240.0,-17240.0,-17240.0,-17240.0,-17240.0,-17240.0,-17240.0,17240.0,16610.0,-17240.0,-17240.0
2020-08-14,-17670.0,15550.0,-17670.0,-17670.0,-17670.0,-30070.0,-17670.0,-17670.0,-17660.0,-17670.0,-17670.0,-17670.0,-17670.0,-17670.0,-17670.0,-17670.0,-17670.0,17670.0,16610.0,-17670.0,-17670.0
2020-08-17,-18830.0,16710.0,-18830.0,-18830.0,-18830.0,-30070.0,-18830.0,-18830.0,-17660.0,-18830.0,-18830.0,-18830.0,-18830.0,-18830.0,-18830.0,-18830.0,-18830.0,18830.0,17770.0,-18830.0,-18830.0
2020-08-18,-19280.0,16260.0,-19280.0,-19280.0,-19280.0,-30070.0,-19280.0,-19280.0,-17660.0,-19280.0,-19280.0,-19280.0,-19280.0,-19280.0,-19280.0,-19280.0,-19280.0,19280.0,17770.0,-19280.0,-19280.0
2020-08-19,-20430.0,17410.0,-20430.0,-20430.0,-20430.0,-30070.0,-20430.0,-20430.0,-17660.0,-20430.0,-20430.0,-20430.0,-20430.0,-20430.0,-20430.0,-20430.0,-20430.0,20430.0,18920.0,-20430.0,-20430.0
2020-08-20,-20080.0,17760.0,-20080.0,-20080.0,-20080.0,-30070.0,-20080.0,-20080.0,-17660.0,-20080.0,-20080.0,-20080.0,-20080.0,-20080.0,-20080.0,-20080.0,-20080.0,20080.0,18920.0,-20080.0,-20080.0
2020-08-21,-20760.0,18440.0,-20760.0,-20760.0,-20760.0,-30070.0,-20760.0,-20760.0,-17660.0,-20760.0,-20760.0,-20760.0,-20760.0,-20760.0,-20760.0,-20760.0,-20760.0,20760.0,19600.0,-20760.0,-20760.0
2020-08-24,-17510.0,21690.0,-17510.0,-17510.0,-17510.0,-30070.0,-17510.0,-17510.0,-17660.0,-17510.0,-17510.0,-17510.0,-17510.0,-17510.0,-17510.0,-17510.0,-17510.0,17510.0,19600.0,-17510.0,-17510.0
2020-08-25,-18410.0,22590.0,-18410.0,-18410.0,-18410.0,-30070.0,-18410.0,-18410.0,-17660.0,-18410.0,-18410.0,-18410.0,-18410.0,-18410.0,-18410.0,-18410.0,-18410.0,18410.0,20500.0,-18410.0,-18410.0
2020-08-26,-16020.0,24980.0,-16020.0,-16020.0,-16020.0,-30070.0,-16020.0,-16020.0,-15270.0,-16020.0,-16020.0,-16020.0,-16020.0,-16020.0,-16020.0,-16020.0,-16020.0,16020.0,20500.0,-16020.0,-16020.0
2020-08-27,-14470.0,23430.0,-14470.0,-14470.0,-14470.0,-30070.0,-14470.0,-14470.0,-15270.0,-14470.0,-14470.0,-14470.0,-14470.0,-14470.0,-14470.0,-14470.0,-14470.0,14470.0,18950.0,-14470.0,-14470.0
2020-08-28,-12660.0,25240.0,-12660.0,-12660.0,-12660.0,-30070.0,-12660.0,-12660.0,-13460.0,-12660.0,-12660.0,-12660.0,-12660.0,-12660.0,-12660.0,-12660.0,-12660.0,12660.0,18950.0,-12660.0,-12660.0
2020-08-31,-16330.0,28910.0,-16330.0,-16330.0,-16330.0,-30070.0,-16330.0,-16330.0,-13460.0,-16330.0,-16330.0,-16330.0,-16330.0,-16330.0,-16330.0,-16330.0,-16330.0,16330.0,22620.0,-16330.0,-16330.0
2020-09-01,-14650.0,30590.0,-14650.0,-14650.0,-14650.0,-30070.0,-14650.0,-14650.0,-11780.0,-14650.0,-14650.0,-14650.0,-14650.0,-14650.0,-14650.0,-14650.0,-14650.0,14650.0,22620.0,-14650.0,-14650.0
2020-09-02,-12810.0,28750.0,-12810.0,-12810.0,-12810.0,-30070.0,-12810.0,-12810.0,-9940.0,-12810.0,-12810.0,-12810.0,-12810.0,-12810.0,-12810.0,-12810.0,-12810.0,12810.0,20780.0,-12810.0,-12810.0
2020-09-03,-14960.0,26600.0,-14960.0,-14960.0,-14960.0,-30070.0,-14960.0,-14960.0,-9940.0,-14960.0,-14960.0,-14960.0,-14960.0,-14960.0,-14960.0,-14960.0,-14960.0,14960.0,20780.0,-14960.0,-14960.0
2020-09-04,-16210.0,27850.0,-16210.0,-16210.0,-16210.0,-30070.0,-16210.0,-16210.0,-9940.0,-16210.0,-16210.0,-16210.0,-16210.0,-16210.0,-16210.0,-16210.0,-16210.0,16210.0,22030.0,-16210.0,-16210.0
2020-09-08,-14000.0,30060.0,-14000.0,-14000.0,-14000.0,-30070.0,-14000.0,-14000.0,-7730.0,-14000.0,-14000.0,-14000.0,-14000.0,-14000.0,-14000.0,-14000.0,-14000.0,14000.0,22030.0,-14000.0,-14000.0
2020-09-09,-14840.0,30900.0,-14840.0,-14840.0,-14840.0,-30070.0,-14840.0,-14840.0,-8570.0,-14840.0,-14840.0,-14840.0,-14840.0,-14840.0,-14840.0,-14840.0,-14840.0,14840.0,22870.0,-14840.0,-14840.0
2020-09-10,-14980.0,30760.0,-14980.0,-14980.0,-14980.0,-30070.0,-14980.0,-14980.0,-8710.0,-14980.0,-14980.0,-14980.0,-14980.0,-14980.0,-14980.0,-14980.0,-14980.0,14980.0,22870.0,-14980.0,-14980.0
2020-09-11,-16450.0,32230.0,-16450.0,-16450.0,-16450.0,-30070.0,-16450.0,-16450.0,-10180.0,-16450.0,-16450.0,-16450.0,-16450.0,-16450.0,-16450.0,-16450.0,-16450.0,16450.0,24340.0,-16450.0,-16450.0
2020-09-14,-16950.0,31730.0,-16950.0,-16950.0,-16950.0,-29570.0,-16950.0,-16950.0,-10680.0,-16950.0,-16950.0,-16950.0,-16950.0,-16950.0,-16950.0,-16950.0,-16950.0,16950.0,24340.0,-16950.0,-16950.0
2020-09-15,-16960.0,31740.0,-16960.0,-16960.0,-16960.0,-29560.0,-16960.0,-16960.0,-10690.0,-16960.0,-16960.0,-16960.0,-16960.0,-16960.0,-16960.0,-16960.0,-16960.0,16960.0,24350.0,-16960.0,-16960.0
2020-09-16,-16110.0,32590.0,-16110.0,-16110.0,-16110.0,-28710.0,-16110.0,-16110.0,-9840.0,-16110.0,-16110.0,-16110.0,-16110.0,-16110.0,-16110.0,-16110.0,-16110.0,16110.0,24350.0,-16110.0,-16110.0
2020-09-17,-17980.0,34460.0,-17980.0,-17980.0,-17980.0,-26840.0,-17980.0,-17980.0,-11710.0,-17980.0,-17980.0,-17980.0,-17980.0,-17980.0,-17980.0,-17980.0,-17980.0,17980.0,26220.0,-17980.0,-17980.0
2020-09-18,-19570.0,32870.0,-19570.0,-19570.0,-19570.0,-28430.0,-19570.0,-19570.0,-13300.0,-19570.0,-19570.0,-19570.0,-19570.0,-19570.0,-19570.0,-19570.0,-19570.0,19570.0,26220.0,-19570.0,-19570.0
2020-09-21,-22790.0,36090.0,-22790.0,-22790.0,-22790.0,-31650.0,-22790.0,-22790.0,-16520.0,-22790.0,-22790.0,-22790.0,-22790.0,-22790.0,-22790.0,-22790.0,-22790.0,22790.0,29440.0,-22790.0,-22790.0
2020-09-22,-20990.0,37890.0,-20990.0,-20990.0,-20990.0,-29850.0,-20990.0,-20990.0,-14720.0,-20990.0,-20990.0,-20990.0,-20990.0,-20990.0,-20990.0,-20990.0,-20990.0,20990.0,29440.0,-20990.0,-20990.0
2020-09-23,-24920.0,41820.0,-24920.0,-24920.0,-24920.0,-25920.0,-24920.0,-24920.0,-18650.0,-24920.0,-24920.0,-24920.0,-24920.0,-24920.0,-24920.0,-24920.0,-24920.0,24920.0,33370.0,-24920.0,-24920.0
2020-09-24,-25710.0,41030.0,-25710.0,-25710.0,-25710.0,-26710.0,-25710.0,-25710.0,-19440.0,-25710.0,-25710.0,-25710.0,-25710.0,-25710.0,-25710.0,-25710.0,-25710.0,25710.0,33370.0,-25710.0,-25710.0
2020-09-25,-24200.0,39520.0,-24200.0,-24200.0,-24200.0,-25200.0,-24200.0,-24200.0,-17930.0,-24200.0,-24200.0,-24200.0,-24200.0,-24200.0,-24200.0,-24200.0,-24200.0,24200.0,31860.0,-24200.0,-24200.0
2020-09-28,-22210.0,41510.0,-22210.0,-22210.0,-22210.0,-25200.0,-22210.0,-22210.0,-15940.0,-22210.0,-22210.0,-22210.0,-22210.0,-22210.0,-22210.0,-22210.0,-22210.0,22210.0,31860.0,-22210.0,-22210.0
2020-09-29,-22800.0,42100.0,-22800.0,-22800.0,-22800.0,-24610.0,-22800.0,-22800.0,-16530.0,-22800.0,-22800.0,-22800.0,-22800.0,-22800.0,-22800.0,-22800.0,-22800.0,22800.0,32450.0,-22800.0,-22800.0
2020-09-30,-24120.0,40780.0,-24120.0,-24120.0,-24120.0,-23290.0,-24120.0,-24120.0,-17850.0,-24120.0,-24120.0,-24120.0,-24120.0,-24120.0,-24120.0,-24120.0,-24120.0,24120.0,32450.0,-24120.0,-24120.0
2020-10-01,-24890.0,41550.0,-24890.0,-24890.0,-24890.0,-22520.0,-24890.0,-24890.0,-18620.0,-24890.0,-24890.0,-24890.0,-24890.0,-24890.0,-24890.0,-24890.0,-24890.0,24890.0,33220.0,-24890.0,-24890.0
2020-10-02,-25650.0,40790.0,-25650.0,-25650.0,-25650.0,-23280.0,-25650.0,-25650.0,-19380.0,-25650.0,-25650.0,-25650.0,-25650.0,-25650.0,-25650.0,-25650.0,-25650.0,25650.0,33220.0,-25650.0,-25650.0
2020-10-05,-24830.0,39970.0,-24830.0,-24830.0,-24830.0,-22460.0,-24830.0,-24830.0,-18560.0,-24830.0,-24830.0,-24830.0,-24830.0,-24830.0,-24830.0,-24830.0,-24830.0,24830.0,32400.0,-24830.0,-24830.0
2020-10-06,-27270.0,37530.0,-27270.0,-27270.0,-27270.0,-24900.0,-27270.0,-27270.0,-21000.0,-27270.0,-27270.0,-27270.0,-27270.0,-27270.0,-27270.0,-27270.0,-27270.0,27270.0,32400.0,-27270.0,-27270.0
2020-10-07,-25290.0,35550.0,-25290.0,-25290.0,-25290.0,-22920.0,-25290.0,-25290.0,-19020.0,-25290.0,-25290.0,-25290.0,-25290.0,-25290.0,-25290.0,-25290.0,-25290.0,25290.0,30420.0,-25290.0,-25290.0
2020-10-08,-25110.0,35730.0,-25110.0,-25110.0,-25110.0,-23100.0,-25110.0,-25110.0,-18840.0,-25110.0,-25110.0,-25110.0,-25110.0,-25110.0,-25110.0,-25110.0,-25110.0,25110.0,30420.0,-25110.0,-25110.0
2020-10-09,-23220.0,33840.0,-23220.0,-23220.0,-23220.0,-24990.0,-23220.0,-23220.0,-16950.0,-23220.0,-23220.0,-23220.0,-23220.0,-23220.0,-23220.0,-23220.0,-23220.0,23220.0,28530.0,-23220.0,-23220.0
2020-10-12,-23230.0,33830.0,-23230.0,-23230.0,-23230.0,-24990.0,-23230.0,-23230.0,-16960.0,-23230.0,-23230.0,-23230.0,-23230.0,-23230.0,-23230.0,-23230.0,-23230.0,23230.0,28530.0,-23230.0,-23230.0
2020-10-13,-19240.0,29840.0,-19240.0,-19240.0,-19240.0,-24990.0,-19240.0,-19240.0,-12970.0,-19240.0,-19240.0,-19240.0,-19240.0,-19240.0,-19240.0,-19240.0,-19240.0,19240.0,24540.0,-19240.0,-19240.0
2020-10-14,-21610.0,27470.0,-21610.0,-21610.0,-21610.0,-24990.0,-21610.0,-21610.0,-12970.0,-21610.0,-21610.0,-21610.0,-21610.0,-21610.0,-21610.0,-21610.0,-21610.0,21610.0,24540.0,-21610.0,-21610.0
2020-10-15,-20840.0,26700.0,-20840.0,-20840.0,-20840.0,-24990.0,-20840.0,-20840.0,-12970.0,-20840.0,-20840.0,-20840.0,-20840.0,-20840.0,-20840.0,-20840.0,-20840.0,20840.0,23770.0,-20840.0,-20840.0
2020-10-16,-21390.0,26150.0,-21390.0,-21390.0,-21390.0,-24990.0,-21390.0,-21390.0,-12970.0,-21390.0,-21390.0,-21390.0,-21390.0,-21390.0,-21390.0,-21390.0,-21390.0,21390.0,23770.0,-21390.0,-21390.0
2020-10-19,-23970.0,28730.0,-23970.0,-23970.0,-23970.0,-24990.0,-23970.0,-23970.0,-12970.0,-23970.0,-23970.0,-23970.0,-23970.0,-23970.0,-23970.0,-23970.0,-23970.0,23970.0,26350.0,-23970.0,-23970.0
2020-10-20,-23250.0,29450.0,-23250.0,-23250.0,-23250.0,-25710.0,-23250.0,-23250.0,-12250.0,-23250.0,-23250.0,-23250.0,-23250.0,-23250.0,-23250.0,-23250.0,-23250.0,23250.0,26350.0,-23250.0,-23250.0
2020-10-21,-21570.0,27770.0,-21570.0,-21570.0,-21570.0,-25710.0,-21570.0,-21570.0,-10570.0,-21570.0,-21570.0,-21570.0,-21570.0,-21570.0,-21570.0,-21570.0,-21570.0,21570.0,24670.0,-21570.0,-21570.0
2020-10-22,-20640.0,28700.0,-20640.0,-20640.0,-20640.0,-25710.0,-20640.0,-20640.0,-9640.0,-20640.0,-20640.0,-20640.0,-20640.0,-20640.0,-20640.0,-20640.0,-20640.0,20640.0,24670.0,-20640.0,-20640.0
2020-10-23,-19850.0,27910.0,-19850.0,-19850.0,-19850.0,-25710.0,-19850.0,-19850.0,-8850.0,-19850.0,-19850.0,-19850.0,-19850.0,-19850.0,-19850.0,-19850.0,-19850.0,19850.0,23880.0,-19850.0,-19850.0
2020-10-26,-24140.0,23620.0,-24140.0,-24140.0,-24140.0,-25710.0,-24140.0,-24140.0,-13140.0,-24140.0,-24140.0,-24140.0,-24140.0,-24140.0,-24140.0,-24140.0,-24140.0,24140.0,23880.0,-24140.0,-24140.0
2020-10-27,-24890.0,24370.0,-24890.0,-24890.0,-24890.0,-24960.0,-24890.0,-24890.0,-13890.0,-24890.0,-24890.0,-24890.0,-24890.0,-24890.0,-24890.0,-24890.0,-24890.0,24890.0,24630.0,-24890.0,-24890.0
2020-10-28,-29730.0,19530.0,-29730.0,-29730.0,-29730.0,-29800.0,-29730.0,-29730.0,-18730.0,-29730.0,-29730.0,-29730.0,-29730.0,-29730.0,-29730.0,-29730.0,-29730.0,29730.0,24630.0,-29730.0,-29730.0
2020-10-29,-26660.0,16460.0,-26660.0,-26660.0,-26660.0,-26730.0,-26660.0,-26660.0,-15660.0,-26660.0,-26660.0,-26660.0,-26660.0,-26660.0,-26660.0,-26660.0,-26660.0,26660.0,21560.0,-26660.0,-26660.0
2020-10-30,-26950.0,16170.0,-26950.0,-26950.0,-26950.0,-26440.0,-26950.0,-26950.0,-15950.0,-26950.0,-26950.0,-26950.0,-26950.0,-26950.0,-26950.0,-26950.0,-26950.0,26950.0,21560.0,-26950.0,-26950.0
2020-11-02,-28070.0,17290.0,-28070.0,-28070.0,-28070.0,-25320.0,-28070.0,-28070.0,-17070.0,-28070.0,-28070.0,-28070.0,-28070.0,-28070.0,-28070.0,-28070.0,-28070.0,28070.0,22680.0,-28070.0,-28070.0
2020-11-03,-24180.0,21180.0,-24180.0,-24180.0,-24180.0,-29210.0,-24180.0,-24180.0,-13180.0,-24180.0,-24180.0,-24180.0,-24180.0,-24180.0,-24180.0,-24180.0,-24180.0,24180.0,22680.0,-24180.0,-24180.0
2020-11-04,-23130.0,20130.0,-23130.0,-23130.0,-23130.0,-29210.0,-23130.0,-23130.0,-12130.0,-23130.0,-23130.0,-23130.0,-23130.0,-23130.0,-23130.0,-23130.0,-23130.0,23130.0,21630.0,-23130.0,-23130.0
2020-11-05,-21240.0,22020.0,-21240.0,-21240.0,-21240.0,-29210.0,-21240.0,-21240.0,-10240.0,-21240.0,-21240.0,-21240.0,-21240.0,-21240.0,-21240.0,-21240.0,-21240.0,21240.0,21630.0,-21240.0,-21240.0
2020-11-06,-20740.0,21520.0,-20740.0,-20740.0,-20740.0,-29210.0,-20740.0,-20740.0,-9740.0,-20740.0,-20740.0,-20740.0,-20740.0,-20740.0,-20740.0,-20740.0,-20740.0,20740.0,21130.0,-20740.0,-20740.0
2020-11-09,-5610.0,36650.0,-5610.0,-5610.0,-5610.0,-29210.0,-5610.0,-5610.0,5390.0,-5610.0,-5610.0,-5610.0,-5610.0,-5610.0,-5610.0,-5610.0,-5610.0,5610.0,21130.0,-5610.0,-5610.0
2020-11-10,-6090.0,37130.0,-6090.0,-6090.0,-6090.0,-29210.0,-6090.0,-6090.0,5390.0,-6090.0,-6090.0,-6090.0,-6090.0,-6090.0,-6090.0,-6090.0,-6090.0,6090.0,21610.0,-6090.0,-6090.0
2020-11-11,-10380.0,32840.0,-10380.0,-10380.0,-10380.0,-29210.0,-10380.0,-10380.0,1100.0,-10380.0,-10380.0,-10380.0,-10380.0,-10380.0,-10380.0,-10380.0,-10380.0,10380.0,21610.0,-10380.0,-10380.0
2020-11-12,-12680.0,35140.0,-12680.0,-12680.0,-12680.0,-29210.0,-12680.0,-12680.0,-1200.0,-12680.0,-12680.0,-12680.0,-12680.0,-12680.0,-12680.0,-12680.0,-12680.0,12680.0,23910.0,-12680.0,-12680.0
2020-11-13,-9840.0,37980.0,-9840.0,-9840.0,-9840.0,-29210.0,-9840.0,-9840.0,1640.0,-9840.0,-9840.0,-9840.0,-9840.0,-9840.0,-9840.0,-9840.0,-9840.0,9840.0,23910.0,-9840.0,-9840.0
2020-11-16,-3530.0,31670.0,-3530.0,-3530.0,-3530.0,-29210.0,-3530.0,-3530.0,7950.0,-3530.0,-3530.0,-3530.0,-3530.0,-3530.0,-3530.0,-3530.0,-3530.0,3530.0,17600.0,-3530.0,-3530.0
2020-11-17,-3700.0,31500.0,-3700.0,-3700.0,-3700.0,-29210.0,-3700.0,-3700.0,7950.0,-3700.0,-3700.0,-3700.0,-3700.0,-3700.0,-3700.0,-3700.0,-3700.0,3700.0,17600.0,-3700.0,-3700.0
2020-11-18,-4300.0,32100.0,-4300.0,-4300.0,-4300.0,-29210.0,-4300.0,-4300.0,7350.0,-4300.0,-4300.0,-4300.0,-4300.0,-4300.0,-4300.0,-4300.0,-4300.0,4300.0,18200.0,-4300.0,-4300.0
2020-11-19,-6480.0,29920.0,-6480.0,-6480.0,-6480.0,-29210.0,-6480.0,-6480.0,7350.0,-6480.0,-6480.0,-6480.0,-6480.0,-6480.0,-6480.0,-6480.0,-6480.0,6480.0,18200.0,-6480.0,-6480.0
2020-11-20,-7130.0,30570.0,-7130.0,-7130.0,-7130.0,-29210.0,-7130.0,-7130.0,6700.0,-7130.0,-7130.0,-7130.0,-7130.0,-7130.0,-7130.0,-7130.0,-7130.0,7130.0,18850.0,-7130.0,-7130.0
2020-11-23,-2220.0,35480.0,-2220.0,-2220.0,-2220.0,-29210.0,-2220.0,-2220.0,11610.0,-2220.0,-2220.0,-2220.0,-2220.0,-2220.0,-2220.0,-2220.0,-2220.0,2220.0,18850.0,-2220.0,-2220.0
2020-11-24,3290.0,29970.0,3290.0,3290.0,3290.0,-29210.0,3290.0,3290.0,11610.0,3290.0,3290.0,3290.0,3290.0,3290.0,3290.0,3290.0,3290.0,-3290.0,13340.0,3290.0,3290.0
2020-11-25,890.0,27570.0,890.0,890.0,890.0,-29210.0,890.0,890.0,9210.0,890.0,890.0,890.0,890.0,890.0,890.0,890.0,890.0,-890.0,13340.0,890.0,890.0
2020-11-27,-1070.0,29530.0,-1070.0,-1070.0,-1070.0,-29210.0,-1070.0,-1070.0,9210.0,-1070.0,-1070.0,-1070.0,-1070.0,-1070.0,-1070.0,-1070.0,-1070.0,1070.0,15300.0,-1070.0,-1070.0
2020-11-30,-190.0,30410.0,-190.0,-190.0,-190.0,-29210.0,-190.0,-190.0,9210.0,-190.0,-190.0,-190.0,-190.0,-190.0,-190.0,-190.0,-190.0,190.0,15300.0,-190.0,-190.0
2020-12-01,1240.0,28980.0,1240.0,1240.0,1240.0,-29210.0,1240.0,1240.0,9210.0,1240.0,1240.0,1240.0,1240.0,1240.0,1240.0,1240.0,1240.0,-1240.0,13870.0,1240.0,1240.0
2020-12-02,5410.0,33150.0,5410.0,5410.0,5410.0,-29210.0,5410.0,5410.0,9210.0,5410.0,5410.0,5410.0,5410.0,5410.0,5410.0,5410.0,5410.0,-5410.0,13870.0,5410.0,5410.0
2020-12-03,5040.0,33520.0,5040.0,5040.0,5040.0,-29210.0,5040.0,5040.0,8840.0,5040.0,5040.0,5040.0,5040.0,5040.0,5040.0,5040.0,5040.0,-5040.0,14240.0,5040.0,5040.0
2020-12-04,5940.0,34420.0,5940.0,5940.0,5940.0,-29210.0,5940.0,5940.0,8840.0,5940.0,5940.0,5940.0,5940.0,5940.0,5940.0,5940.0,5940.0,-5940.0,14240.0,5940.0,5940.0
2020-12-07,5480.0,34880.0,5480.0,5480.0,5480.0,-29210.0,5480.0,5480.0,8380.0,5480.0,5480.0,5480.0,5480.0,5480.0,5480.0,5480.0,5480.0,-5480.0,14700.0,5480.0,5480.0
2020-12-08,5520.0,34920.0,5520.0,5520.0,5520.0,-29210.0,5520.0,5520.0,8380.0,5520.0,5520.0,5520.0,5520.0,5520.0,5520.0,5520.0,5520.0,-5520.0,14700.0,5520.0,5520.0
2020-12-09,6230.0,34210.0,6230.0,6230.0,6230.0,-29210.0,6230.0,6230.0,9090.0,6230.0,6230.0,6230.0,6230.0,6230.0,6230.0,6230.0,6230.0,-6230.0,13990.0,6230.0,6230.0
2020-12-10,6490.0,34470.0,6490.0,6490.0,6490.0,-29210.0,6490.0,6490.0,9090.0,6490.0,6490.0,6490.0,6490.0,6490.0,6490.0,6490.0,6490.0,-6490.0,13990.0,6490.0,6490.0
2020-12-11,27520.0,13440.0,27520.0,27520.0,27520.0,-29210.0,27520.0,27520.0,30120.0,27520.0,27520.0,27520.0,27520.0,27520.0,27520.0,27520.0,27520.0,-27520.0,-7040.0,27520.0,27520.0
2020-12-14,21100.0,7020.0,21100.0,21100.0,21100.0,-29210.0,21100.0,21100.0,23700.0,21100.0,21100.0,21100.0,21100.0,21100.0,21100.0,21100.0,21100.0,-21100.0,-7040.0,21100.0,21100.0
2020-12-15,25740.0,2380.0,25740.0,25740.0,25740.0,-29210.0,25740.0,25740.0,23700.0,25740.0,25740.0,25740.0,25740.0,25740.0,25740.0,25740.0,25740.0,-25740.0,-11680.0,25740.0,25740.0
2020-12-16,24920.0,1560.0,24920.0,24920.0,24920.0,-29210.0,24920.0,24920.0,22880.0,24920.0,24920.0,24920.0,24920.0,24920.0,24920.0,24920.0,24920.0,-24920.0,-11680.0,24920.0,24920.0
2020-12-17,25350.0,1130.0,25350.0,25350.0,25350.0,-29210.0,25350.0,25350.0,22880.0,25350.0,25350.0,25350.0,25350.0,25350.0,25350.0,25350.0,25350.0,-25350.0,-12110.0,25350.0,25350.0
2020-12-18,24690.0,470.0,24690.0,24690.0,24690.0,-29210.0,24690.0,24690.0,22220.0,24690.0,24690.0,24690.0,24690.0,24690.0,24690.0,24690.0,24690.0,-24690.0,-12110.0,24690.0,24690.0
2020-12-21,22490.0,2670.0,22490.0,22490.0,22490.0,-29210.0,22490.0,22490.0,22220.0,22490.0,22490.0,22490.0,22490.0,22490.0,22490.0,22490.0,22490.0,-22490.0,-9910.0,22490.0,22490.0
2020-12-22,22250.0,2430.0,22250.0,22250.0,22250.0,-29210.0,22250.0,22250.0,22220.0,22250.0,22250.0,22250.0,22250.0,22250.0,22250.0,22250.0,22250.0,-22250.0,-9910.0,22250.0,22250.0
2020-12-23,25350.0,-670.0,25350.0,25350.0,25350.0,-29210.0,25350.0,25350.0,22220.0,25350.0,25350.0,25350.0,25350.0,25350.0,25350.0,25350.0,25350.0,-25350.0,-13010.0,25350.0,25350.0
2020-12-24,25530.0,-490.0,25530.0,25530.0,25530.0,-29210.0,25530.0,25530.0,22220.0,25530.0,25530.0,25530.0,25530.0,25530.0,25530.0,25530.0,25530.0,-25530.0,-13010.0,25530.0,25530.0
2020-12-28,30660.0,-5620.0,30660.0,30660.0,30660.0,-29210.0,30660.0,30660.0,22220.0,30660.0,30660.0,30660.0,30660.0,30660.0,30660.0,30660.0,30660.0,-30660.0,-18140.0,30660.0,30660.0
2020-12-29,29100.0,-7180.0,29100.0,29100.0,29100.0,-29210.0,29100.0,29100.0,20660.0,29100.0,29100.0,29100.0,29100.0,29100.0,29100.0,29100.0,29100.0,-29100.0,-18140.0,29100.0,29100.0
2020-12-30,32970.0,-11050.0,32970.0,32970.0,32970.0,-29210.0,32970.0,32970.0,20660.0,32970.0,32970.0,32970.0,32970.0,32970.0,32970.0,32970.0,32970.0,-32970.0,-22010.0,32970.0,32970.0
2020-12-31,32980.0,-11040.0,32980.0,32980.0,32980.0,-29210.0,32980.0,32980.0,20670.0,32980.0,32980.0,32980.0,32980.0,32980.0,32980.0,32980.0,32980.0,-32980.0,-22010.0,32980.0,32980.0
2021-01-04,29480.0,-7540.0,29480.0,29480.0,29480.0,-29210.0,29480.0,29480.0,17170.0,29480.0,29480.0,29480.0,29480.0,29480.0,29480.0,29480.0,29480.0,-29480.0,-18510.0,29480.0,29480.0
2021-01-05,30240.0,-6780.0,30240.0,30240.0,30240.0,-29210.0,30240.0,30240.0,17930.0,30240.0,30240.0,30240.0,30240.0,30240.0,30240.0,30240.0,30240.0,-30240.0,-18510.0,30240.0,30240.0
2021-01-06,30920.0,-7460.0,30920.0,30920.0,30920.0,-29210.0,30920.0,30920.0,18610.0,30920.0,30920.0,30920.0,30920.0,30920.0,30920.0,30920.0,30920.0,-30920.0,-19190.0,30920.0,30920.0
2021-01-07,30380.0,-8000.0,30380.0,30380.0,30380.0,-29210.0,30380.0,30380.0,18070.0,30380.0,30380.0,30380.0,30380.0,30380.0,30380.0,30380.0,30380.0,-30380.0,-19190.0,30380.0,30380.0
2021-01-08,30490.0,-8110.0,30490.0,30490.0,30490.0,-29210.0,30490.0,30490.0,18180.0,30490.0,30490.0,30490.0,30490.0,30490.0,30490.0,30490.0,30490.0,-30490.0,-19300.0,30490.0,30490.0
2021-01-11,30890.0,-7710.0,30890.0,30890.0,30890.0,-29210.0,30890.0,30890.0,18580.0,30890.0,30890.0,30890.0,30890.0,30890.0,30890.0,30890.0,30890.0,-30890.0,-19300.0,30890.0,30890.0
2021-01-12,27790.0,-4610.0,27790.0,27790.0,27790.0,-29210.0,27790.0,27790.0,15480.0,27790.0,27790.0,27790.0,27790.0,27790.0,27790.0,27790.0,27790.0,-27790.0,-16200.0,27790.0,27790.0
2021-01-13,27920.0,-4480.0,27920.0,27920.0,27920.0,-29210.0,27920.0,27920.0,15610.0,27920.0,27920.0,27920.0,27920.0,27920.0,27920.0,27920.0,27920.0,-27920.0,-16200.0,27920.0,27920.0
2021-01-14,25230.0,-1790.0,25230.0,25230.0,25230.0,-26520.0,25230.0,25230.0,12920.0,25230.0,25230.0,25230.0,25230.0,25230.0,25230.0,25230.0,25230.0,-25230.0,-13510.0,25230.0,25230.0
2021-01-15,23240.0,-3780.0,23240.0,23240.0,23240.0,-28510.0,23240.0,23240.0,10930.0,23240.0,23240.0,23240.0,23240.0,23240.0,23240.0,23240.0,23240.0,-23240.0,-13510.0,23240.0,23240.0
2021-01-19,24060.0,-4600.0,24060.0,24060.0,24060.0,-27690.0,24060.0,24060.0,11750.0,24060.0,24060.0,24060.0,24060.0,24060.0,24060.0,24060.0,24060.0,-24060.0,-14330.0,24060.0,24060.0
2021-01-20,25440.0,-3220.0,25440.0,25440.0,25440.0,-26310.0,25440.0,25440.0,13130.0,25440.0,25440.0,25440.0,25440.0,25440.0,25440.0,25440.0,25440.0,-25440.0,-14330.0,25440.0,25440.0
2021-01-21,23080.0,-860.0,23080.0,23080.0,23080.0,-23950.0,23080.0,23080.0,10770.0,23080.0,23080.0,23080.0,23080.0,23080.0,23080.0,23080.0,23080.0,-23080.0,-11970.0,23080.0,23080.0
2021-01-22,24580.0,640.0,24580.0,24580.0,24580.0,-22450.0,24580.0,24580.0,12270.0,24580.0,24580.0,24580.0,24580.0,24580.0,24580.0,24580.0,24580.0,-24580.0,-11970.0,24580.0,24580.0
2021-01-25,23690.0,1530.0,23690.0,23690.0,23690.0,-21560.0,23690.0,23690.0,11380.0,23690.0,23690.0,23690.0,23690.0,23690.0,23690.0,23690.0,23690.0,-23690.0,-11080.0,23690.0,23690.0
2021-01-26,21360.0,-800.0,21360.0,21360.0,21360.0,-23890.0,21360.0,21360.0,9050.0,21360.0,21360.0,21360.0,21360.0,21360.0,21360.0,21360.0,21360.0,-21360.0,-11080.0,21360.0,21360.0
2021-01-27,14830.0,5730.0,14830.0,14830.0,14830.0,-30420.0,14830.0,14830.0,2520.0,14830.0,14830.0,14830.0,14830.0,14830.0,14830.0,14830.0,14830.0,-14830.0,-4550.0,14830.0,14830.0
2021-01-28,23680.0,14580.0,23680.0,23680.0,23680.0,-21570.0,23680.0,23680.0,11370.0,23680.0,23680.0,23680.0,23680.0,23680.0,23680.0,23680.0,23680.0,-23680.0,-4550.0,23680.0,23680.0
2021-01-29,19970.0,18290.0,19970.0,19970.0,19970.0,-21570.0,19970.0,19970.0,7660.0,19970.0,19970.0,19970.0,19970.0,19970.0,19970.0,19970.0,19970.0,-19970.0,-840.0,19970.0,19970.0
2021-02-01,22770.0,21090.0,22770.0,22770.0,22770.0,-24370.0,22770.0,22770.0,10460.0,22770.0,22770.0,22770.0,22770.0,22770.0,22770.0,22770.0,22770.0,-22770.0,-840.0,22770.0,22770.0
2021-02-02,28760.0,15100.0,28760.0,28760.0,28760.0,-24370.0,28760.0,28760.0,16450.0,28760.0,28760.0,28760.0,28760.0,28760.0,28760.0,28760.0,28760.0,-28760.0,-6830.0,28760.0,28760.0
2021-02-03,28230.0,14570.0,28230.0,28230.0,28230.0,-24370.0,28230.0,28230.0,15920.0,28230.0,28230.0,28230.0,28230.0,28230.0,28230.0,28230.0,28230.0,-28230.0,-6830.0,28230.0,28230.0
2021-02-04,32030.0,10770.0,32030.0,32030.0,32030.0,-24370.0,32030.0,32030.0,15920.0,32030.0,32030.0,32030.0,32030.0,32030.0,32030.0,32030.0,32030.0,-32030.0,-10630.0,32030.0,32030.0
2021-02-05,32960.0,11700.0,32960.0,32960.0,32960.0,-24370.0,32960.0,32960.0,16850.0,32960.0,32960.0,32960.0,32960.0,32960.0,32960.0,32960.0,32960.0,-32960.0,-10630.0,32960.0,32960.0
2021-02-08,41800.0,2860.0,41800.0,41800.0,41800.0,-24370.0,41800.0,41800.0,16850.0,41800.0,41800.0,41800.0,41800.0,41800.0,41800.0,41800.0,41800.0,-41800.0,-19470.0,41800.0,41800.0
2021-02-09,40010.0,1070.0,40010.0,40010.0,40010.0,-24370.0,40010.0,40010.0,15060.0,40010.0,40010.0,40010.0,40010.0,40010.0,40010.0,40010.0,40010.0,-40010.0,-19470.0,40010.0,40010.0
2021-02-10,41430.0,-350.0,41430.0,41430.0,41430.0,-24370.0,41430.0,41430.0,15060.0,41430.0,41430.0,41430.0,41430.0,41430.0,41430.0,41430.0,41430.0,-41430.0,-20890.0,41430.0,41430.0
2021-02-11,42710.0,930.0,42710.0,42710.0,42710.0,-24370.0,42710.0,42710.0,16340.0,42710.0,42710.0,42710.0,42710.0,42710.0,42710.0,42710.0,42710.0,-42710.0,-20890.0,42710.0,42710.0
2021-02-12,39470.0,4170.0,39470.0,39470.0,39470.0,-24370.0,39470.0,39470.0,16340.0,39470.0,39470.0,39470.0,39470.0,39470.0,39470.0,39470.0,39470.0,-39470.0,-17650.0,39470.0,39470.0
2021-02-16,38150.0,2850.0,38150.0,38150.0,38150.0,-24370.0,38150.0,38150.0,15020.0,38150.0,38150.0,38150.0,38150.0,38150.0,38150.0,38150.0,38150.0,-38150.0,-17650.0,38150.0,38150.0
2021-02-17,38240.0,2760.0,38240.0,38240.0,38240.0,-24370.0,38240.0,38240.0,15020.0,38240.0,38240.0,38240.0,38240.0,38240.0,38240.0,38240.0,38240.0,-38240.0,-17740.0,38240.0,38240.0
2021-02-18,34800.0,-680.0,34800.0,34800.0,34800.0,-24370.0,34800.0,34800.0,15020.0,34800.0,34800.0,34800.0,34800.0,34800.0,34800.0,34800.0,34800.0,-34800.0,-17740.0,34800.0,34800.0
2021-02-19,35450.0,-1330.0,35450.0,35450.0,35450.0,-24370.0,35450.0,35450.0,15020.0,35450.0,35450.0,35450.0,35450.0,35450.0,35450.0,35450.0,35450.0,-35450.0,-18390.0,35450.0,35450.0
2021-02-22,43560.0,6780.0,43560.0,43560.0,43560.0,-24370.0,43560.0,43560.0,15020.0,43560.0,43560.0,43560.0,43560.0,43560.0,43560.0,43560.0,43560.0,-43560.0,-18390.0,43560.0,43560.0
2021-02-23,48890.0,1450.0,48890.0,48890.0,48890.0,-24370.0,48890.0,48890.0,20350.0,48890.0,48890.0,48890.0,48890.0,48890.0,48890.0,48890.0,48890.0,-48890.0,-23720.0,48890.0,48890.0
2021-02-24,49310.0,1870.0,49310.0,49310.0,49310.0,-24370.0,49310.0,49310.0,20770.0,49310.0,49310.0,49310.0,49310.0,49310.0,49310.0,49310.0,49310.0,-49310.0,-23720.0,49310.0,49310.0
2021-02-25,42780.0,8400.0,42780.0,42780.0,42780.0,-24370.0,42780.0,42780.0,20770.0,42780.0,42780.0,42780.0,42780.0,42780.0,42780.0,42780.0,42780.0,-42780.0,-17190.0,42780.0,42780.0
2021-02-26,40840.0,6460.0,40840.0,40840.0,40840.0,-24370.0,40840.0,40840.0,20770.0,40840.0,40840.0,40840.0,40840.0,40840.0,40840.0,40840.0,40840.0,-40840.0,-17190.0,40840.0,40840.0
2021-03-01,46780.0,520.0,46780.0,46780.0,46780.0,-30310.0,46780.0,46780.0,26710.0,46780.0,46780.0,46780.0,46780.0,46780.0,46780.0,46780.0,46780.0,-46780.0,-23130.0,46780.0,46780.0
2021-03-02,45740.0,-520.0,45740.0,45740.0,45740.0,-30310.0,45740.0,45740.0,26710.0,45740.0,45740.0,45740.0,45740.0,45740.0,45740.0,45740.0,45740.0,-45740.0,-23130.0,45740.0,45740.0
2021-03-03,44060.0,1160.0,44060.0,44060.0,44060.0,-30310.0,44060.0,44060.0,26710.0,44060.0,44060.0,44060.0,44060.0,44060.0,44060.0,44060.0,44060.0,-44060.0,-21450.0,44060.0,44060.0
2021-03-04,39830.0,-3070.0,39830.0,39830.0,39830.0,-30310.0,39830.0,39830.0,22480.0,39830.0,39830.0,39830.0,39830.0,39830.0,39830.0,39830.0,39830.0,-39830.0,-21450.0,39830.0,39830.0
2021-03-05,41790.0,-5030.0,41790.0,41790.0,41790.0,-32270.0,41790.0,41790.0,24440.0,41790.0,41790.0,41790.0,41790.0,41790.0,41790.0,41790.0,41790.0,-41790.0,-23410.0,41790.0,41790.0
2021-03-08,53710.0,6890.0,53710.0,53710.0,53710.0,-44190.0,53710.0,53710.0,36360.0,53710.0,53710.0,53710.0,53710.0,53710.0,53710.0,53710.0,53710.0,-53710.0,-23410.0,53710.0,53710.0
2021-03-09,46310.0,14290.0,46310.0,46310.0,46310.0,-44190.0,46310.0,46310.0,36360.0,46310.0,46310.0,46310.0,46310.0,46310.0,46310.0,46310.0,46310.0,-46310.0,-16010.0,46310.0,46310.0
2021-03-10,46860.0,14840.0,46860.0,46860.0,46860.0,-44190.0,46860.0,46860.0,36360.0,46860.0,46860.0,46860.0,46860.0,46860.0,46860.0,46860.0,46860.0,-46860.0,-16010.0,46860.0,46860.0
2021-03-11,48550.0,13150.0,48550.0,48550.0,48550.0,-44190.0,48550.0,48550.0,36360.0,48550.0,48550.0,48550.0,48550.0,48550.0,48550.0,48550.0,48550.0,-48550.0,-17700.0,48550.0,48550.0
2021-03-12,48960.0,13560.0,48960.0,48960.0,48960.0,-44190.0,48960.0,48960.0,36360.0,48960.0,48960.0,48960.0,48960.0,48960.0,48960.0,48960.0,48960.0,-48960.0,-17700.0,48960.0,48960.0
2021-03-15,48560.0,13960.0,48560.0,48560.0,48560.0,-44190.0,48560.0,48560.0,36360.0,48560.0,48560.0,48560.0,48560.0,48560.0,48560.0,48560.0,48560.0,-48560.0,-17300.0,48560.0,48560.0
2021-03-16,46040.0,11440.0,46040.0,46040.0,46040.0,-44190.0,46040.0,46040.0,33840.0,46040.0,46040.0,46040.0,46040.0,46040.0,46040.0,46040.0,46040.0,-46040.0,-17300.0,46040.0,46040.0
2021-03-17,47040.0,10440.0,47040.0,47040.0,47040.0,-45190.0,47040.0,47040.0,34840.0,47040.0,47040.0,47040.0,47040.0,47040.0,47040.0,47040.0,47040.0,-47040.0,-18300.0,47040.0,47040.0
2021-03-18,44080.0,7480.0,44080.0,44080.0,44080.0,-45190.0,44080.0,44080.0,31880.0,44080.0,44080.0,44080.0,44080.0,44080.0,44080.0,44080.0,44080.0,-44080.0,-18300.0,44080.0,44080.0
2021-03-19,42940.0,8620.0,42940.0,42940.0,42940.0,-44050.0,42940.0,42940.0,30740.0,42940.0,42940.0,42940.0,42940.0,42940.0,42940.0,42940.0,42940.0,-42940.0,-17160.0,42940.0,42940.0
2021-03-22,44660.0,10340.0,44660.0,44660.0,44660.0,-45770.0,44660.0,44660.0,32460.0,44660.0,44660.0,44660.0,44660.0,44660.0,44660.0,44660.0,44660.0,-44660.0,-17160.0,44660.0,44660.0
2021-03-23,40530.0,14470.0,40530.0,40530.0,40530.0,-41640.0,40530.0,40530.0,28330.0,40530.0,40530.0,40530.0,40530.0,40530.0,40530.0,40530.0,40530.0,-40530.0,-13030.0,40530.0,40530.0
2021-03-24,36520.0,10460.0,36520.0,36520.0,36520.0,-45650.0,36520.0,36520.0,24320.0,36520.0,36520.0,36520.0,36520.0,36520.0,36520.0,36520.0,36520.0,-36520.0,-13030.0,36520.0,36520.0
2021-03-25,38710.0,8270.0,38710.0,38710.0,38710.0,-43460.0,38710.0,38710.0,26510.0,38710.0,38710.0,38710.0,38710.0,38710.0,38710.0,38710.0,38710.0,-38710.0,-15220.0,38710.0,38710.0
2021-03-26,37720.0,7280.0,37720.0,37720.0,37720.0,-42470.0,37720.0,37720.0,25520.0,37720.0,37720.0,37720.0,37720.0,37720.0,37720.0,37720.0,37720.0,-37720.0,-15220.0,37720.0,37720.0
2021-03-29,36650.0,8350.0,36650.0,36650.0,36650.0,-43540.0,36650.0,36650.0,24450.0,36650.0,36650.0,36650.0,36650.0,36650.0,36650.0,36650.0,36650.0,-36650.0,-14150.0,36650.0,36650.0
2021-03-30,37330.0,9030.0,37330.0,37330.0,37330.0,-42860.0,37330.0,37330.0,25130.0,37330.0,37330.0,37330.0,37330.0,37330.0,37330.0,37330.0,37330.0,-37330.0,-14150.0,37330.0,37330.0
2021-03-31,36320.0,10040.0,36320.0,36320.0,36320.0,-43870.0,36320.0,36320.0,24120.0,36320.0,36320.0,36320.0,36320.0,36320.0,36320.0,36320.0,36320.0,-36320.0,-13140.0,36320.0,36320.0
2021-04-01,40770.0,14490.0,40770.0,40770.0,40770.0,-39420.0,40770.0,40770.0,28570.0,40770.0,40770.0,40770.0,40770.0,40770.0,40770.0,40770.0,40770.0,-40770.0,-13140.0,40770.0,40770.0
2021-04-05,40300.0,14960.0,40300.0,40300.0,40300.0,-38950.0,40300.0,40300.0,28100.0,40300.0,40300.0,40300.0,40300.0,40300.0,40300.0,40300.0,40300.0,-40300.0,-12670.0,40300.0,40300.0
2021-04-06,41530.0,16190.0,41530.0,41530.0,41530.0,-40180.0,41530.0,41530.0,29330.0,41530.0,41530.0,41530.0,41530.0,41530.0,41530.0,41530.0,41530.0,-41530.0,-12670.0,41530.0,41530.0
2021-04-07,39360.0,18360.0,39360.0,39360.0,39360.0,-38010.0,39360.0,39360.0,27160.0,39360.0,39360.0,39360.0,39360.0,39360.0,39360.0,39360.0,39360.0,-39360.0,-10500.0,39360.0,39360.0
2021-04-08,39120.0,18120.0,39120.0,39120.0,39120.0,-37770.0,39120.0,39120.0,26920.0,39120.0,39120.0,39120.0,39120.0,39120.0,39120.0,39120.0,39120.0,-39120.0,-10500.0,39120.0,39120.0
2021-04-09,39690.0,17550.0,39690.0,39690.0,39690.0,-38340.0,39690.0,39690.0,27490.0,39690.0,39690.0,39690.0,39690.0,39690.0,39690.0,39690.0,39690.0,-39690.0,-11070.0,39690.0,39690.0
2021-04-12,38290.0,16150.0,38290.0,38290.0,38290.0,-36940.0,38290.0,38290.0,26090.0,38290.0,38290.0,38290.0,38290.0,38290.0,38290.0,38290.0,38290.0,-38290.0,-11070.0,38290.0,38290.0
2021-04-13,37290.0,17150.0,37290.0,37290.0,37290.0,-35940.0,37290.0,37290.0,25090.0,37290.0,37290.0,37290.0,37290.0,37290.0,37290.0,37290.0,37290.0,-37290.0,-10070.0,37290.0,37290.0
2021-04-14,39260.0,19120.0,39260.0,39260.0,39260.0,-37910.0,39260.0,39260.0,27060.0,39260.0,39260.0,39260.0,39260.0,39260.0,39260.0,39260.0,39260.0,-39260.0,-10070.0,39260.0,39260.0
2021-04-15,37730.0,20650.0,37730.0,37730.0,37730.0,-37910.0,37730.0,37730.0,25530.0,37730.0,37730.0,37730.0,37730.0,37730.0,37730.0,37730.0,37730.0,-37730.0,-8540.0,37730.0,37730.0
2021-04-16,39060.0,21980.0,39060.0,39060.0,39060.0,-39240.0,39060.0,39060.0,26860.0,39060.0,39060.0,39060.0,39060.0,39060.0,39060.0,39060.0,39060.0,-39060.0,-8540.0,39060.0,39060.0
2021-04-19,39230.0,21810.0,39230.0,39230.0,39230.0,-39240.0,39230.0,39230.0,27030.0,39230.0,39230.0,39230.0,39230.0,39230.0,39230.0,39230.0,39230.0,-39230.0,-8710.0,39230.0,39230.0
2021-04-20,34590.0,17170.0,34590.0,34590.0,34590.0,-39240.0,34590.0,34590.0,22390.0,34590.0,34590.0,34590.0,34590.0,34590.0,34590.0,34590.0,34590.0,-34590.0,-8710.0,34590.0,34590.0
2021-04-21,34910.0,16850.0,34910.0,34910.0,34910.0,-38920.0,34910.0,34910.0,22710.0,34910.0,34910.0,34910.0,34910.0,34910.0,34910.0,34910.0,34910.0,-34910.0,-9030.0,34910.0,34910.0
2021-04-22,34560.0,16500.0,34560.0,34560.0,34560.0,-39270.0,34560.0,34560.0,22360.0,34560.0,34560.0,34560.0,34560.0,34560.0,34560.0,34560.0,34560.0,-34560.0,-9030.0,34560.0,34560.0
2021-04-23,34820.0,16240.0,34820.0,34820.0,34820.0,-39010.0,34820.0,34820.0,22620.0,34820.0,34820.0,34820.0,34820.0,34820.0,34820.0,34820.0,34820.0,-34820.0,-9290.0,34820.0,34820.0
2021-04-26,36070.0,17490.0,36070.0,36070.0,36070.0,-37760.0,36070.0,36070.0,23870.0,36070.0,36070.0,36070.0,36070.0,36070.0,36070.0,36070.0,36070.0,-36070.0,-9290.0,36070.0,36070.0
2021-04-27,36440.0,17120.0,36440.0,36440.0,36440.0,-38130.0,36440.0,36440.0,24240.0,36440.0,36440.0,36440.0,36440.0,36440.0,36440.0,36440.0,36440.0,-36440.0,-9660.0,36440.0,36440.0
2021-04-28,35190.0,15870.0,35190.0,35190.0,35190.0,-36880.0,35190.0,35190.0,22990.0,35190.0,35190.0,35190.0,35190.0,35190.0,35190.0,35190.0,35190.0,-35190.0,-9660.0,35190.0,35190.0
2021-04-29,37130.0,13930.0,37130.0,37130.0,37130.0,-36880.0,37130.0,37130.0,24930.0,37130.0,37130.0,37130.0,37130.0,37130.0,37130.0,37130.0,37130.0,-37130.0,-11600.0,37130.0,37130.0
2021-04-30,37820.0,14620.0,37820.0,37820.0,37820.0,-36880.0,37820.0,37820.0,25620.0,37820.0,37820.0,37820.0,37820.0,37820.0,37820.0,37820.0,37820.0,-37820.0,-11600.0,37820.0,37820.0
2021-05-03,37310.0,15130.0,37310.0,37310.0,37310.0,-36880.0,37310.0,37310.0,25110.0,37310.0,37310.0,37310.0,37310.0,37310.0,37310.0,37310.0,37310.0,-37310.0,-11090.0,37310.0,37310.0
2021-05-04,36050.0,13870.0,36050.0,36050.0,36050.0,-36880.0,36050.0,36050.0,23850.0,36050.0,36050.0,36050.0,36050.0,36050.0,36050.0,36050.0,36050.0,-36050.0,-11090.0,36050.0,36050.0
2021-05-05,33310.0,16610.0,33310.0,33310.0,33310.0,-34140.0,33310.0,33310.0,21110.0,33310.0,33310.0,33310.0,33310.0,33310.0,33310.0,33310.0,33310.0,-33310.0,-8350.0,33310.0,33310.0
2021-05-06,33590.0,16890.0,33590.0,33590.0,33590.0,-33860.0,33590.0,33590.0,21390.0,33590.0,33590.0,33590.0,33590.0,33590.0,33590.0,33590.0,33590.0,-33590.0,-8350.0,33590.0,33590.0
2021-05-07,36640.0,13840.0,36640.0,36640.0,36640.0,-30810.0,36640.0,36640.0,24440.0,36640.0,36640.0,36640.0,36640.0,36640.0,36640.0,36640.0,36640.0,-36640.0,-11400.0,36640.0,36640.0
2021-05-10,36100.0,13300.0,36100.0,36100.0,36100.0,-30810.0,36100.0,36100.0,23900.0,36100.0,36100.0,36100.0,36100.0,36100.0,36100.0,36100.0,36100.0,-36100.0,-11400.0,36100.0,36100.0
2021-05-11,33470.0,15930.0,33470.0,33470.0,33470.0,-30810.0,33470.0,33470.0,21270.0,33470.0,33470.0,33470.0,33470.0,33470.0,33470.0,33470.0,33470.0,-33470.0,-8770.0,33470.0,33470.0
2021-05-12,29650.0,12110.0,29650.0,29650.0,29650.0,-34630.0,29650.0,29650.0,17450.0,29650.0,29650.0,29650.0,29650.0,29650.0,29650.0,29650.0,29650.0,-29650.0,-8770.0,29650.0,29650.0
2021-05-13,30140.0,11620.0,30140.0,30140.0,30140.0,-34140.0,30140.0,30140.0,17940.0,30140.0,30140.0,30140.0,30140.0,30140.0,30140.0,30140.0,30140.0,-30140.0,-9260.0,30140.0,30140.0
2021-05-14,25500.0,6980.0,25500.0,25500.0,25500.0,-38780.0,25500.0,25500.0,13300.0,25500.0,25500.0,25500.0,25500.0,25500.0,25500.0,25500.0,25500.0,-25500.0,-9260.0,25500.0,25500.0
2021-05-17,21880.0,10600.0,21880.0,21880.0,21880.0,-42400.0,21880.0,21880.0,9680.0,21880.0,21880.0,21880.0,21880.0,21880.0,21880.0,21880.0,21880.0,-21880.0,-5640.0,21880.0,21880.0
2021-05-18,21480.0,10200.0,21480.0,21480.0,21480.0,-42800.0,21480.0,21480.0,9280.0,21480.0,21480.0,21480.0,21480.0,21480.0,21480.0,21480.0,21480.0,-21480.0,-5640.0,21480.0,21480.0
2021-05-19,21070.0,10610.0,21070.0,21070.0,21070.0,-43210.0,21070.0,21070.0,8870.0,21070.0,21070.0,21070.0,21070.0,21070.0,21070.0,21070.0,21070.0,-21070.0,-5230.0,21070.0,21070.0
2021-05-20,23160.0,12700.0,23160.0,23160.0,23160.0,-41120.0,23160.0,23160.0,10960.0,23160.0,23160.0,23160.0,23160.0,23160.0,23160.0,23160.0,23160.0,-23160.0,-5230.0,23160.0,23160.0
2021-05-21,24200.0,11660.0,24200.0,24200.0,24200.0,-40080.0,24200.0,24200.0,12000.0,24200.0,24200.0,24200.0,24200.0,24200.0,24200.0,24200.0,24200.0,-24200.0,-6270.0,24200.0,24200.0
2021-05-24,26110.0,13570.0,26110.0,26110.0,26110.0,-41990.0,26110.0,26110.0,13910.0,26110.0,26110.0,26110.0,26110.0,26110.0,26110.0,26110.0,26110.0,-26110.0,-6270.0,26110.0,26110.0
2021-05-25,27970.0,11710.0,27970.0,27970.0,27970.0,-43850.0,27970.0,27970.0,15770.0,27970.0,27970.0,27970.0,27970.0,27970.0,27970.0,27970.0,27970.0,-27970.0,-8130.0,27970.0,27970.0
2021-05-26,28270.0,12010.0,28270.0,28270.0,28270.0,-44150.0,28270.0,28270.0,16070.0,28270.0,28270.0,28270.0,28270.0,28270.0,28270.0,28270.0,28270.0,-28270.0,-8130.0,28270.0,28270.0
2021-05-27,30840.0,9440.0,30840.0,30840.0,30840.0,-46720.0,30840.0,30840.0,18640.0,30840.0,30840.0,30840.0,30840.0,30840.0,30840.0,30840.0,30840.0,-30840.0,-10700.0,30840.0,30840.0
2021-05-28,30450.0,9050.0,30450.0,30450.0,30450.0,-46720.0,30450.0,30450.0,18250.0,30450.0,30450.0,30450.0,30450.0,30450.0,30450.0,30450.0,30450.0,-30450.0,-10700.0,30450.0,30450.0
2021-06-01,30640.0,8860.0,30640.0,30640.0,30640.0,-46720.0,30640.0,30640.0,18440.0,30640.0,30640.0,30640.0,30640.0,30640.0,30640.0,30640.0,30640.0,-30640.0,-10890.0,30640.0,30640.0
2021-06-02,28800.0,7020.0,28800.0,28800.0,28800.0,-46720.0,28800.0,28800.0,16600.0,28800.0,28800.0,28800.0,28800.0,28800.0,28800.0,28800.0,28800.0,-28800.0,-10890.0,28800.0,28800.0
2021-06-03,28040.0,7780.0,28040.0,28040.0,28040.0,-46720.0,28040.0,28040.0,15840.0,28040.0,28040.0,28040.0,28040.0,28040.0,28040.0,28040.0,28040.0,-28040.0,-10130.0,28040.0,28040.0
2021-06-04,28980.0,8720.0,28980.0,28980.0,28980.0,-46720.0,28980.0,28980.0,16780.0,28980.0,28980.0,28980.0,28980.0,28980.0,28980.0,28980.0,28980.0,-28980.0,-10130.0,28980.0,28980.0
2021-06-07,28790.0,8910.0,28790.0,28790.0,28790.0,-46720.0,28790.0,28790.0,16590.0,28790.0,28790.0,28790.0,28790.0,28790.0,28790.0,28790.0,28790.0,-28790.0,-9940.0,28790.0,28790.0
2021-06-08,28130.0,8250.0,28130.0,28130.0,28130.0,-46720.0,28130.0,28130.0,15930.0,28130.0,28130.0,28130.0,28130.0,28130.0,28130.0,28130.0,28130.0,-28130.0,-9940.0,28130.0,28130.0
2021-06-09,27840.0,8540.0,27840.0,27840.0,27840.0,-46720.0,27840.0,27840.0,15640.0,27840.0,27840.0,27840.0,27840.0,27840.0,27840.0,27840.0,27840.0,-27840.0,-9650.0,27840.0,27840.0
2021-06-10,28370.0,9070.0,28370.0,28370.0,28370.0,-46720.0,28370.0,28370.0,16170.0,28370.0,28370.0,28370.0,28370.0,28370.0,28370.0,28370.0,28370.0,-28370.0,-9650.0,28370.0,28370.0
2021-06-11,29180.0,8260.0,29180.0,29180.0,29180.0,-46720.0,29180.0,29180.0,16980.0,29180.0,29180.0,29180.0,29180.0,29180.0,29180.0,29180.0,29180.0,-29180.0,-10460.0,29180.0,29180.0
2021-06-14,29980.0,9060.0,29980.0,29980.0,29980.0,-46720.0,29980.0,29980.0,17780.0,29980.0,29980.0,29980.0,29980.0,29980.0,29980.0,29980.0,29980.0,-29980.0,-10460.0,29980.0,29980.0
2021-06-15,27660.0,11380.0,27660.0,27660.0,27660.0,-46720.0,27660.0,27660.0,15460.0,27660.0,27660.0,27660.0,27660.0,27660.0,27660.0,27660.0,27660.0,-27660.0,-8140.0,27660.0,27660.0
2021-06-16,26460.0,10180.0,26460.0,26460.0,26460.0,-47920.0,26460.0,26460.0,14260.0,26460.0,26460.0,26460.0,26460.0,26460.0,26460.0,26460.0,26460.0,-26460.0,-8140.0,26460.0,26460.0
2021-06-17,26450.0,10190.0,26450.0,26450.0,26450.0,-47930.0,26450.0,26450.0,14250.0,26450.0,26450.0,26450.0,26450.0,26450.0,26450.0,26450.0,26450.0,-26450.0,-8130.0,26450.0,26450.0
2021-06-18,24220.0,7960.0,24220.0,24220.0,24220.0,-50160.0,24220.0,24220.0,12020.0,24220.0,24220.0,24220.0,24220.0,24220.0,24220.0,24220.0,24220.0,-24220.0,-8130.0,24220.0,24220.0
2021-06-21,25770.0,6410.0,25770.0,25770.0,25770.0,-48610.0,25770.0,25770.0,13570.0,25770.0,25770.0,25770.0,25770.0,25770.0,25770.0,25770.0,25770.0,-25770.0,-9680.0,25770.0,25770.0
2021-06-22,25300.0,5940.0,25300.0,25300.0,25300.0,-48140.0,25300.0,25300.0,13100.0,25300.0,25300.0,25300.0,25300.0,25300.0,25300.0,25300.0,25300.0,-25300.0,-9680.0,25300.0,25300.0
2021-06-23,27130.0,4110.0,27130.0,27130.0,27130.0,-49970.0,27130.0,27130.0,14930.0,27130.0,27130.0,27130.0,27130.0,27130.0,27130.0,27130.0,27130.0,-27130.0,-11510.0,27130.0,27130.0
2021-06-24,29730.0,6710.0,29730.0,29730.0,29730.0,-52570.0,29730.0,29730.0,17530.0,29730.0,29730.0,29730.0,29730.0,29730.0,29730.0,29730.0,29730.0,-29730.0,-11510.0,29730.0,29730.0
2021-06-25,30150.0,6290.0,30150.0,30150.0,30150.0,-52570.0,30150.0,30150.0,17950.0,30150.0,30150.0,30150.0,30150.0,30150.0,30150.0,30150.0,30150.0,-30150.0,-11930.0,30150.0,30150.0
2021-06-28,28370.0,4510.0,28370.0,28370.0,28370.0,-52570.0,28370.0,28370.0,17950.0,28370.0,28370.0,28370.0,28370.0,28370.0,28370.0,28370.0,28370.0,-28370.0,-11930.0,28370.0,28370.0
2021-06-29,25730.0,7150.0,25730.0,25730.0,25730.0,-52570.0,25730.0,25730.0,17950.0,25730.0,25730.0,25730.0,25730.0,25730.0,25730.0,25730.0,25730.0,-25730.0,-9290.0,25730.0,25730.0
2021-06-30,27570.0,8990.0,27570.0,27570.0,27570.0,-54410.0,27570.0,27570.0,19790.0,27570.0,27570.0,27570.0,27570.0,27570.0,27570.0,27570.0,27570.0,-27570.0,-9290.0,27570.0,27570.0
2021-07-01,29060.0,7500.0,29060.0,29060.0,29060.0,-54410.0,29060.0,29060.0,21280.0,29060.0,29060.0,29060.0,29060.0,29060.0,29060.0,29060.0,29060.0,-29060.0,-10780.0,29060.0,29060.0
2021-07-02,28910.0,7350.0,28910.0,28910.0,28910.0,-54410.0,28910.0,28910.0,21130.0,28910.0,28910.0,28910.0,28910.0,28910.0,28910.0,28910.0,28910.0,-28910.0,-10780.0,28910.0,28910.0
2021-07-06,25490.0,10770.0,25490.0,25490.0,25490.0,-54410.0,25490.0,25490.0,17710.0,25490.0,25490.0,25490.0,25490.0,25490.0,25490.0,25490.0,25490.0,-25490.0,-7360.0,25490.0,25490.0
2021-07-07,24620.0,9900.0,24620.0,24620.0,24620.0,-53540.0,24620.0,24620.0,16840.0,24620.0,24620.0,24620.0,24620.0,24620.0,24620.0,24620.0,24620.0,-24620.0,-7360.0,24620.0,24620.0
2021-07-08,24600.0,9920.0,24600.0,24600.0,24600.0,-53560.0,24600.0,24600.0,16820.0,24600.0,24600.0,24600.0,24600.0,24600.0,24600.0,24600.0,24600.0,-24600.0,-7340.0,24600.0,24600.0
2021-07-09,28840.0,14160.0,28840.0,28840.0,28840.0,-49320.0,28840.0,28840.0,21060.0,28840.0,28840.0,28840.0,28840.0,28840.0,28840.0,28840.0,28840.0,-28840.0,-7340.0,28840.0,28840.0
2021-07-12,36180.0,6820.0,36180.0,36180.0,36180.0,-49320.0,36180.0,36180.0,28400.0,36180.0,36180.0,36180.0,36180.0,36180.0,36180.0,36180.0,36180.0,-36180.0,-14680.0,36180.0,36180.0
2021-07-13,35450.0,6090.0,35450.0,35450.0,35450.0,-49320.0,35450.0,35450.0,27670.0,35450.0,35450.0,35450.0,35450.0,35450.0,35450.0,35450.0,35450.0,-35450.0,-14680.0,35450.0,35450.0
2021-07-14,35220.0,6320.0,35220.0,35220.0,35220.0,-49320.0,35220.0,35220.0,27440.0,35220.0,35220.0,35220.0,35220.0,35220.0,35220.0,35220.0,35220.0,-35220.0,-14450.0,35220.0,35220.0
2021-07-15,35950.0,7050.0,35950.0,35950.0,35950.0,-49320.0,35950.0,35950.0,28170.0,35950.0,35950.0,35950.0,35950.0,35950.0,35950.0,35950.0,35950.0,-35950.0,-14450.0,35950.0,35950.0
2021-07-16,31110.0,11890.0,31110.0,31110.0,31110.0,-49320.0,31110.0,31110.0,23330.0,31110.0,31110.0,31110.0,31110.0,31110.0,31110.0,31110.0,31110.0,-31110.0,-9610.0,31110.0,31110.0
2021-07-19,24750.0,5530.0,24750.0,24750.0,24750.0,-49320.0,24750.0,24750.0,16970.0,24750.0,24750.0,24750.0,24750.0,24750.0,24750.0,24750.0,24750.0,-24750.0,-9610.0,24750.0,24750.0
2021-07-20,28550.0,1730.0,28550.0,28550.0,28550.0,-45520.0,28550.0,28550.0,20770.0,28550.0,28550.0,28550.0,28550.0,28550.0,28550.0,28550.0,28550.0,-28550.0,-13410.0,28550.0,28550.0
2021-07-21,28690.0,1870.0,28690.0,28690.0,28690.0,-45660.0,28690.0,28690.0,20910.0,28690.0,28690.0,28690.0,28690.0,28690.0,28690.0,28690.0,28690.0,-28690.0,-13410.0,28690.0,28690.0
2021-07-22,26930.0,3630.0,26930.0,26930.0,26930.0,-43900.0,26930.0,26930.0,19150.0,26930.0,26930.0,26930.0,26930.0,26930.0,26930.0,26930.0,26930.0,-26930.0,-11650.0,26930.0,26930.0
2021-07-23,27940.0,4640.0,27940.0,27940.0,27940.0,-44910.0,27940.0,27940.0,20160.0,27940.0,27940.0,27940.0,27940.0,27940.0,27940.0,27940.0,27940.0,-27940.0,-11650.0,27940.0,27940.0
2021-07-26,30540.0,2040.0,30540.0,30540.0,30540.0,-47510.0,30540.0,30540.0,22760.0,30540.0,30540.0,30540.0,30540.0,30540.0,30540.0,30540.0,30540.0,-30540.0,-14250.0,30540.0,30540.0
2021-07-27,31300.0,2800.0,31300.0,31300.0,31300.0,-47510.0,31300.0,31300.0,23520.0,31300.0,31300.0,31300.0,31300.0,31300.0,31300.0,31300.0,31300.0,-31300.0,-14250.0,31300.0,31300.0
2021-07-28,30900.0,3200.0,30900.0,30900.0,30900.0,-47510.0,30900.0,30900.0,23120.0,30900.0,30900.0,30900.0,30900.0,30900.0,30900.0,30900.0,30900.0,-30900.0,-13850.0,30900.0,30900.0
2021-07-29,30150.0,2450.0,30150.0,30150.0,30150.0,-47510.0,30150.0,30150.0,22370.0,30150.0,30150.0,30150.0,30150.0,30150.0,30150.0,30150.0,30150.0,-30150.0,-13850.0,30150.0,30150.0
2021-07-30,27820.0,4780.0,27820.0,27820.0,27820.0,-47510.0,27820.0,27820.0,20040.0,27820.0,27820.0,27820.0,27820.0,27820.0,27820.0,27820.0,27820.0,-27820.0,-11520.0,27820.0,27820.0
2021-08-02,27350.0,4310.0,27350.0,27350.0,27350.0,-47040.0,27350.0,27350.0,19570.0,27350.0,27350.0,27350.0,27350.0,27350.0,27350.0,27350.0,27350.0,-27350.0,-11520.0,27350.0,27350.0
2021-08-03,24790.0,6870.0,24790.0,24790.0,24790.0,-44480.0,24790.0,24790.0,17010.0,24790.0,24790.0,24790.0,24790.0,24790.0,24790.0,24790.0,24790.0,-24790.0,-8960.0,24790.0,24790.0
2021-08-04,24380.0,6460.0,24380.0,24380.0,24380.0,-44890.0,24380.0,24380.0,16600.0,24380.0,24380.0,24380.0,24380.0,24380.0,24380.0,24380.0,24380.0,-24380.0,-8960.0,24380.0,24380.0
2021-08-05,28510.0,2330.0,28510.0,28510.0,28510.0,-40760.0,28510.0,28510.0,20730.0,28510.0,28510.0,28510.0,28510.0,28510.0,28510.0,28510.0,28510.0,-28510.0,-13090.0,28510.0,28510.0
2021-08-06,28930.0,2750.0,28930.0,28930.0,28930.0,-40760.0,28930.0,28930.0,21150.0,28930.0,28930.0,28930.0,28930.0,28930.0,28930.0,28930.0,28930.0,-28930.0,-13090.0,28930.0,28930.0
2021-08-09,28520.0,3160.0,28520.0,28520.0,28520.0,-40760.0,28520.0,28520.0,20740.0,28520.0,28520.0,28520.0,28520.0,28520.0,28520.0,28520.0,28520.0,-28520.0,-12680.0,28520.0,28520.0
2021-08-10,28870.0,3510.0,28870.0,28870.0,28870.0,-40760.0,28870.0,28870.0,21090.0,28870.0,28870.0,28870.0,28870.0,28870.0,28870.0,28870.0,28870.0,-28870.0,-12680.0,28870.0,28870.0
2021-08-11,29890.0,2490.0,29890.0,29890.0,29890.0,-40760.0,29890.0,29890.0,22110.0,29890.0,29890.0,29890.0,29890.0,29890.0,29890.0,29890.0,29890.0,-29890.0,-13700.0,29890.0,29890.0
2021-08-12,31090.0,3690.0,31090.0,31090.0,31090.0,-40760.0,31090.0,31090.0,23310.0,31090.0,31090.0,31090.0,31090.0,31090.0,31090.0,31090.0,31090.0,-31090.0,-13700.0,31090.0,31090.0
2021-08-13,32880.0,1900.0,32880.0,32880.0,32880.0,-40760.0,32880.0,32880.0,25100.0,32880.0,32880.0,32880.0,32880.0,32880.0,32880.0,32880.0,32880.0,-32880.0,-15490.0,32880.0,32880.0
2021-08-16,30890.0,-90.0,30890.0,30890.0,30890.0,-40760.0,30890.0,30890.0,25100.0,30890.0,30890.0,30890.0,30890.0,30890.0,30890.0,30890.0,30890.0,-30890.0,-15490.0,30890.0,30890.0
2021-08-17,27630.0,3170.0,27630.0,27630.0,27630.0,-40760.0,27630.0,27630.0,25100.0,27630.0,27630.0,27630.0,27630.0,27630.0,27630.0,27630.0,27630.0,-27630.0,-12230.0,27630.0,27630.0
2021-08-18,26540.0,2080.0,26540.0,26540.0,26540.0,-39670.0,26540.0,26540.0,24010.0,26540.0,26540.0,26540.0,26540.0,26540.0,26540.0,26540.0,26540.0,-26540.0,-12230.0,26540.0,26540.0
2021-08-19,25050.0,3570.0,25050.0,25050.0,25050.0,-38180.0,25050.0,25050.0,22520.0,25050.0,25050.0,25050.0,25050.0,25050.0,25050.0,25050.0,25050.0,-25050.0,-10740.0,25050.0,25050.0
2021-08-20,26920.0,5440.0,26920.0,26920.0,26920.0,-36310.0,26920.0,26920.0,24390.0,26920.0,26920.0,26920.0,26920.0,26920.0,26920.0,26920.0,26920.0,-26920.0,-10740.0,26920.0,26920.0
2021-08-23,29460.0,2900.0,29460.0,29460.0,29460.0,-38850.0,29460.0,29460.0,26930.0,29460.0,29460.0,29460.0,29460.0,29460.0,29460.0,29460.0,29460.0,-29460.0,-13280.0,29460.0,29460.0
2021-08-24,30270.0,3710.0,30270.0,30270.0,30270.0,-38850.0,30270.0,30270.0,27740.0,30270.0,30270.0,30270.0,30270.0,30270.0,30270.0,30270.0,30270.0,-30270.0,-13280.0,30270.0,30270.0
2021-08-25,30110.0,3870.0,30110.0,30110.0,30110.0,-38850.0,30110.0,30110.0,27580.0,30110.0,30110.0,30110.0,30110.0,30110.0,30110.0,30110.0,30110.0,-30110.0,-13120.0,30110.0,30110.0
2021-08-26,28360.0,2120.0,28360.0,28360.0,28360.0,-38850.0,28360.0,28360.0,25830.0,28360.0,28360.0,28360.0,28360.0,28360.0,28360.0,28360.0,28360.0,-28360.0,-13120.0,28360.0,28360.0
2021-08-27,31940.0,-1460.0,31940.0,31940.0,31940.0,-42430.0,31940.0,31940.0,29410.0,31940.0,31940.0,31940.0,31940.0,31940.0,31940.0,31940.0,31940.0,-31940.0,-16700.0,31940.0,31940.0
2021-08-30,31780.0,-1620.0,31780.0,31780.0,31780.0,-42430.0,31780.0,31780.0,29250.0,31780.0,31780.0,31780.0,31780.0,31780.0,31780.0,31780.0,31780.0,-31780.0,-16700.0,31780.0,31780.0
2021-08-31,33100.0,-2940.0,33100.0,33100.0,33100.0,-42430.0,33100.0,33100.0,30570.0,33100.0,33100.0,33100.0,33100.0,33100.0,33100.0,33100.0,33100.0,-33100.0,-18020.0,33100.0,33100.0
2021-09-01,35280.0,-760.0,35280.0,35280.0,35280.0,-42430.0,35280.0,35280.0,30570.0,35280.0,35280.0,35280.0,35280.0,35280.0,35280.0,35280.0,35280.0,-35280.0,-18020.0,35280.0,35280.0
2021-09-02,33660.0,860.0,33660.0,33660.0,33660.0,-42430.0,33660.0,33660.0,28950.0,33660.0,33660.0,33660.0,33660.0,33660.0,33660.0,33660.0,33660.0,-33660.0,-16400.0,33660.0,33660.0
2021-09-03,32800.0,0.0,32800.0,32800.0,32800.0,-42430.0,32800.0,32800.0,28950.0,32800.0,32800.0,32800.0,32800.0,32800.0,32800.0,32800.0,32800.0,-32800.0,-16400.0,32800.0,32800.0
2021-09-07,36140.0,-3340.0,36140.0,36140.0,36140.0,-42430.0,36140.0,36140.0,28950.0,36140.0,36140.0,36140.0,36140.0,36140.0,36140.0,36140.0,36140.0,-36140.0,-19740.0,36140.0,36140.0
2021-09-08,36950.0,-2530.0,36950.0,36950.0,36950.0,-42430.0,36950.0,36950.0,29760.0,36950.0,36950.0,36950.0,36950.0,36950.0,36950.0,36950.0,36950.0,-36950.0,-19740.0,36950.0,36950.0
2021-09-09,37710.0,-3290.0,37710.0,37710.0,37710.0,-42430.0,37710.0,37710.0,29760.0,37710.0,37710.0,37710.0,37710.0,37710.0,37710.0,37710.0,37710.0,-37710.0,-20500.0,37710.0,37710.0
2021-09-10,35920.0,-5080.0,35920.0,35920.0,35920.0,-42430.0,35920.0,35920.0,27970.0,35920.0,35920.0,35920.0,35920.0,35920.0,35920.0,35920.0,35920.0,-35920.0,-20500.0,35920.0,35920.0
2021-09-13,36780.0,-5940.0,36780.0,36780.0,36780.0,-42430.0,36780.0,36780.0,27970.0,36780.0,36780.0,36780.0,36780.0,36780.0,36780.0,36780.0,36780.0,-36780.0,-21360.0,36780.0,36780.0
2021-09-14,34200.0,-8520.0,34200.0,34200.0,34200.0,-42430.0,34200.0,34200.0,25390.0,34200.0,34200.0,34200.0,34200.0,34200.0,34200.0,34200.0,34200.0,-34200.0,-21360.0,34200.0,34200.0
2021-09-15,36210.0,-10530.0,36210.0,36210.0,36210.0,-42430.0,36210.0,36210.0,27400.0,36210.0,36210.0,36210.0,36210.0,36210.0,36210.0,36210.0,36210.0,-36210.0,-23370.0,36210.0,36210.0
2021-09-16,35140.0,-11600.0,35140.0,35140.0,35140.0,-42430.0,35140.0,35140.0,26330.0,35140.0,35140.0,35140.0,35140.0,35140.0,35140.0,35140.0,35140.0,-35140.0,-23370.0,35140.0,35140.0
2021-09-17,35270.0,-11730.0,35270.0,35270.0,35270.0,-42430.0,35270.0,35270.0,26460.0,35270.0,35270.0,35270.0,35270.0,35270.0,35270.0,35270.0,35270.0,-35270.0,-23500.0,35270.0,35270.0
2021-09-20,30410.0,-16590.0,30410.0,30410.0,30410.0,-42430.0,30410.0,30410.0,21600.0,30410.0,30410.0,30410.0,30410.0,30410.0,30410.0,30410.0,30410.0,-30410.0,-23500.0,30410.0,30410.0
2021-09-21,22970.0,-9150.0,22970.0,22970.0,22970.0,-49870.0,22970.0,22970.0,14160.0,22970.0,22970.0,22970.0,22970.0,22970.0,22970.0,22970.0,22970.0,-22970.0,-16060.0,22970.0,22970.0
2021-09-22,25450.0,-6670.0,25450.0,25450.0,25450.0,-47390.0,25450.0,25450.0,16640.0,25450.0,25450.0,25450.0,25450.0,25450.0,25450.0,25450.0,25450.0,-25450.0,-16060.0,25450.0,25450.0
2021-09-23,28050.0,-9270.0,28050.0,28050.0,28050.0,-49990.0,28050.0,28050.0,19240.0,28050.0,28050.0,28050.0,28050.0,28050.0,28050.0,28050.0,28050.0,-28050.0,-18660.0,28050.0,28050.0
2021-09-24,27800.0,-9520.0,27800.0,27800.0,27800.0,-49740.0,27800.0,27800.0,18990.0,27800.0,27800.0,27800.0,27800.0,27800.0,27800.0,27800.0,27800.0,-27800.0,-18660.0,27800.0,27800.0
2021-09-27,30060.0,-11780.0,30060.0,30060.0,30060.0,-52000.0,30060.0,30060.0,21250.0,30060.0,30060.0,30060.0,30060.0,30060.0,30060.0,30060.0,30060.0,-30060.0,-20920.0,30060.0,30060.0
2021-09-28,26320.0,-15520.0,26320.0,26320.0,26320.0,-48260.0,26320.0,26320.0,17510.0,26320.0,26320.0,26320.0,26320.0,26320.0,26320.0,26320.0,26320.0,-26320.0,-20920.0,26320.0,26320.0
2021-09-29,24480.0,-13680.0,24480.0,24480.0,24480.0,-46420.0,24480.0,24480.0,15670.0,24480.0,24480.0,24480.0,24480.0,24480.0,24480.0,24480.0,24480.0,-24480.0,-19080.0,24480.0,24480.0
2021-09-30,20970.0,-17190.0,20970.0,20970.0,20970.0,-49930.0,20970.0,20970.0,12160.0,20970.0,20970.0,20970.0,20970.0,20970.0,20970.0,20970.0,20970.0,-20970.0,-19080.0,20970.0,20970.0
2021-10-01,27810.0,-24030.0,27810.0,27810.0,27810.0,-43090.0,27810.0,27810.0,19000.0,27810.0,27810.0,27810.0,27810.0,27810.0,27810.0,27810.0,27810.0,-27810.0,-25920.0,27810.0,27810.0
2021-10-04,25260.0,-26580.0,25260.0,25260.0,25260.0,-40540.0,25260.0,25260.0,16450.0,25260.0,25260.0,25260.0,25260.0,25260.0,25260.0,25260.0,25260.0,-25260.0,-25920.0,25260.0,25260.0
2021-10-05,26410.0,-27730.0,26410.0,26410.0,26410.0,-41690.0,26410.0,26410.0,17600.0,26410.0,26410.0,26410.0,26410.0,26410.0,26410.0,26410.0,26410.0,-26410.0,-27070.0,26410.0,26410.0
2021-10-06,27280.0,-26860.0,27280.0,27280.0,27280.0,-42560.0,27280.0,27280.0,18470.0,27280.0,27280.0,27280.0,27280.0,27280.0,27280.0,27280.0,27280.0,-27280.0,-27070.0,27280.0,27280.0
2021-10-07,29510.0,-29090.0,29510.0,29510.0,29510.0,-44790.0,29510.0,29510.0,20700.0,29510.0,29510.0,29510.0,29510.0,29510.0,29510.0,29510.0,29510.0,-29510.0,-29300.0,29510.0,29510.0
2021-10-08,28540.0,-30060.0,28540.0,28540.0,28540.0,-44790.0,28540.0,28540.0,19730.0,28540.0,28540.0,28540.0,28540.0,28540.0,28540.0,28540.0,28540.0,-28540.0,-29300.0,28540.0,28540.0
2021-10-11,25320.0,-26840.0,25320.0,25320.0,25320.0,-44790.0,25320.0,25320.0,16510.0,25320.0,25320.0,25320.0,25320.0,25320.0,25320.0,25320.0,25320.0,-25320.0,-26080.0,25320.0,25320.0
2021-10-12,24930.0,-27230.0,24930.0,24930.0,24930.0,-44790.0,24930.0,24930.0,16120.0,24930.0,24930.0,24930.0,24930.0,24930.0,24930.0,24930.0,24930.0,-24930.0,-26080.0,24930.0,24930.0
2021-10-13,24760.0,-27060.0,24760.0,24760.0,24760.0,-44620.0,24760.0,24760.0,15950.0,24760.0,24760.0,24760.0,24760.0,24760.0,24760.0,24760.0,24760.0,-24760.0,-25910.0,24760.0,24760.0
2021-10-14,26210.0,-25610.0,26210.0,26210.0,26210.0,-46070.0,26210.0,26210.0,17400.0,26210.0,26210.0,26210.0,26210.0,26210.0,26210.0,26210.0,26210.0,-26210.0,-25910.0,26210.0,26210.0
2021-10-15,28260.0,-27660.0,28260.0,28260.0,28260.0,-46070.0,28260.0,28260.0,19450.0,28260.0,28260.0,28260.0,28260.0,28260.0,28260.0,28260.0,28260.0,-28260.0,-27960.0,28260.0,28260.0
2021-10-18,22940.0,-32980.0,22940.0,22940.0,22940.0,-46070.0,22940.0,22940.0,14130.0,22940.0,22940.0,22940.0,22940.0,22940.0,22940.0,22940.0,22940.0,-22940.0,-27960.0,22940.0,22940.0
2021-10-19,22980.0,-33020.0,22980.0,22980.0,22980.0,-46110.0,22980.0,22980.0,14170.0,22980.0,22980.0,22980.0,22980.0,22980.0,22980.0,22980.0,22980.0,-22980.0,-28000.0,22980.0,22980.0
2021-10-20,22350.0,-33650.0,22350.0,22350.0,22350.0,-45480.0,22350.0,22350.0,13540.0,22350.0,22350.0,22350.0,22350.0,22350.0,22350.0,22350.0,22350.0,-22350.0,-28000.0,22350.0,22350.0
2021-10-21,23140.0,-34440.0,23140.0,23140.0,23140.0,-44690.0,23140.0,23140.0,14330.0,23140.0,23140.0,23140.0,23140.0,23140.0,23140.0,23140.0,23140.0,-23140.0,-28790.0,23140.0,23140.0
2021-10-22,21220.0,-36360.0,21220.0,21220.0,21220.0,-44690.0,21220.0,21220.0,12410.0,21220.0,21220.0,21220.0,21220.0,21220.0,21220.0,21220.0,21220.0,-21220.0,-28790.0,21220.0,21220.0
2021-10-25,23810.0,-38950.0,23810.0,23810.0,23810.0,-42100.0,23810.0,23810.0,15000.0,23810.0,23810.0,23810.0,23810.0,23810.0,23810.0,23810.0,23810.0,-23810.0,-31380.0,23810.0,23810.0
2021-10-26,23840.0,-38920.0,23840.0,23840.0,23840.0,-42130.0,23840.0,23840.0,15030.0,23840.0,23840.0,23840.0,23840.0,23840.0,23840.0,23840.0,23840.0,-23840.0,-31380.0,23840.0,23840.0
2021-10-27,21350.0,-36430.0,21350.0,21350.0,21350.0,-39640.0,21350.0,21350.0,12540.0,21350.0,21350.0,21350.0,21350.0,21350.0,21350.0,21350.0,21350.0,-21350.0,-28890.0,21350.0,21350.0
2021-10-28,21480.0,-36300.0,21480.0,21480.0,21480.0,-39510.0,21480.0,21480.0,12670.0,21480.0,21480.0,21480.0,21480.0,21480.0,21480.0,21480.0,21480.0,-21480.0,-28890.0,21480.0,21480.0
2021-10-29,20870.0,-35690.0,20870.0,20870.0,20870.0,-40120.0,20870.0,20870.0,12060.0,20870.0,20870.0,20870.0,20870.0,20870.0,20870.0,20870.0,20870.0,-20870.0,-28280.0,20870.0,20870.0
2021-11-01,21990.0,-34570.0,21990.0,21990.0,21990.0,-39000.0,21990.0,21990.0,13180.0,21990.0,21990.0,21990.0,21990.0,21990.0,21990.0,21990.0,21990.0,-21990.0,-28280.0,21990.0,21990.0
2021-11-02,21630.0,-34210.0,21630.0,21630.0,21630.0,-38640.0,21630.0,21630.0,12820.0,21630.0,21630.0,21630.0,21630.0,21630.0,21630.0,21630.0,21630.0,-21630.0,-27920.0,21630.0,21630.0
2021-11-03,21880.0,-33960.0,21880.0,21880.0,21880.0,-38390.0,21880.0,21880.0,13070.0,21880.0,21880.0,21880.0,21880.0,21880.0,21880.0,21880.0,21880.0,-21880.0,-27920.0,21880.0,21880.0
2021-11-04,22080.0,-34160.0,22080.0,22080.0,22080.0,-38590.0,22080.0,22080.0,13270.0,22080.0,22080.0,22080.0,22080.0,22080.0,22080.0,22080.0,22080.0,-22080.0,-28120.0,22080.0,22080.0
2021-11-05,27430.0,-28810.0,27430.0,27430.0,27430.0,-43940.0,27430.0,27430.0,18620.0,27430.0,27430.0,27430.0,27430.0,27430.0,27430.0,27430.0,27430.0,-27430.0,-28120.0,27430.0,27430.0
2021-11-08,28670.0,-30050.0,28670.0,28670.0,28670.0,-43940.0,28670.0,28670.0,19860.0,28670.0,28670.0,28670.0,28670.0,28670.0,28670.0,28670.0,28670.0,-28670.0,-29360.0,28670.0,28670.0
2021-11-09,26910.0,-31810.0,26910.0,26910.0,26910.0,-43940.0,26910.0,26910.0,19860.0,26910.0,26910.0,26910.0,26910.0,26910.0,26910.0,26910.0,26910.0,-26910.0,-29360.0,26910.0,26910.0
2021-11-10,26250.0,-31150.0,26250.0,26250.0,26250.0,-43940.0,26250.0,26250.0,19860.0,26250.0,26250.0,26250.0,26250.0,26250.0,26250.0,26250.0,26250.0,-26250.0,-28700.0,26250.0,26250.0
2021-11-11,13910.0,-43490.0,13910.0,13910.0,13910.0,-43940.0,13910.0,13910.0,19860.0,13910.0,13910.0,13910.0,13910.0,13910.0,13910.0,13910.0,13910.0,-13910.0,-28700.0,13910.0,13910.0
2021-11-12,11430.0,-41010.0,11430.0,11430.0,11430.0,-46420.0,11430.0,11430.0,17380.0,11430.0,11430.0,11430.0,11430.0,11430.0,11430.0,11430.0,11430.0,-11430.0,-26220.0,11430.0,11430.0
2021-11-15,10230.0,-42210.0,10230.0,10230.0,10230.0,-47620.0,10230.0,10230.0,16180.0,10230.0,10230.0,10230.0,10230.0,10230.0,10230.0,10230.0,10230.0,-10230.0,-26220.0,10230.0,10230.0
2021-11-16,10630.0,-42610.0,10630.0,10630.0,10630.0,-47220.0,10630.0,10630.0,16580.0,10630.0,10630.0,10630.0,10630.0,10630.0,10630.0,10630.0,10630.0,-10630.0,-26620.0,10630.0,10630.0
2021-11-17,9130.0,-44110.0,9130.0,9130.0,9130.0,-48720.0,9130.0,9130.0,15080.0,9130.0,9130.0,9130.0,9130.0,9130.0,9130.0,9130.0,9130.0,-9130.0,-26620.0,9130.0,9130.0
2021-11-18,7380.0,-42360.0,7380.0,7380.0,7380.0,-50470.0,7380.0,7380.0,13330.0,7380.0,7380.0,7380.0,7380.0,7380.0,7380.0,7380.0,7380.0,-7380.0,-24870.0,7380.0,7380.0
2021-11-19,5800.0,-43940.0,5800.0,5800.0,5800.0,-52050.0,5800.0,5800.0,11750.0,5800.0,5800.0,5800.0,5800.0,5800.0,5800.0,5800.0,5800.0,-5800.0,-24870.0,5800.0,5800.0
2021-11-22,5960.0,-44100.0,5960.0,5960.0,5960.0,-51890.0,5960.0,5960.0,11910.0,5960.0,5960.0,5960.0,5960.0,5960.0,5960.0,5960.0,5960.0,-5960.0,-25030.0,5960.0,5960.0
2021-11-23,2830.0,-47230.0,2830.0,2830.0,2830.0,-55020.0,2830.0,2830.0,8780.0,2830.0,2830.0,2830.0,2830.0,2830.0,2830.0,2830.0,2830.0,-2830.0,-25030.0,2830.0,2830.0
2021-11-24,3140.0,-47540.0,3140.0,3140.0,3140.0,-54710.0,3140.0,3140.0,9090.0,3140.0,3140.0,3140.0,3140.0,3140.0,3140.0,3140.0,3140.0,-3140.0,-25340.0,3140.0,3140.0
2021-11-26,-90.0,-50770.0,-90.0,-90.0,-90.0,-57940.0,-90.0,-90.0,5860.0,-90.0,-90.0,-90.0,-90.0,-90.0,-90.0,-90.0,-90.0,90.0,-25340.0,-90.0,-90.0
2021-11-29,-390.0,-50470.0,-390.0,-390.0,-390.0,-58240.0,-390.0,-390.0,5560.0,-390.0,-390.0,-390.0,-390.0,-390.0,-390.0,-390.0,-390.0,390.0,-25040.0,-390.0,-390.0
2021-11-30,-3300.0,-53380.0,-3300.0,-3300.0,-3300.0,-61150.0,-3300.0,-3300.0,2650.0,-3300.0,-3300.0,-3300.0,-3300.0,-3300.0,-3300.0,-3300.0,-3300.0,3300.0,-25040.0,-3300.0,-3300.0
2021-12-01,-6050.0,-50630.0,-6050.0,-6050.0,-6050.0,-63900.0,-6050.0,-6050.0,-100.0,-6050.0,-6050.0,-6050.0,-6050.0,-6050.0,-6050.0,-6050.0,-6050.0,6050.0,-22290.0,-6050.0,-6050.0
2021-12-02,-1000.0,-45580.0,-1000.0,-1000.0,-1000.0,-58850.0,-1000.0,-1000.0,4950.0,-1000.0,-1000.0,-1000.0,-1000.0,-1000.0,-1000.0,-1000.0,-1000.0,1000.0,-22290.0,-1000.0,-1000.0
2021-12-03,-1980.0,-44600.0,-1980.0,-1980.0,-1980.0,-57870.0,-1980.0,-1980.0,3970.0,-1980.0,-1980.0,-1980.0,-1980.0,-1980.0,-1980.0,-1980.0,-1980.0,1980.0,-21310.0,-1980.0,-1980.0
2021-12-06,2170.0,-40450.0,2170.0,2170.0,2170.0,-62020.0,2170.0,2170.0,8120.0,2170.0,2170.0,2170.0,2170.0,2170.0,2170.0,2170.0,2170.0,-2170.0,-21310.0,2170.0,2170.0
2021-12-07,2610.0,-40890.0,2610.0,2610.0,2610.0,-62460.0,2610.0,2610.0,8560.0,2610.0,2610.0,2610.0,2610.0,2610.0,2610.0,2610.0,2610.0,-2610.0,-21750.0,2610.0,2610.0
2021-12-08,5140.0,-38360.0,5140.0,5140.0,5140.0,-62460.0,5140.0,5140.0,11090.0,5140.0,5140.0,5140.0,5140.0,5140.0,5140.0,5140.0,5140.0,-5140.0,-21750.0,5140.0,5140.0
2021-12-09,4740.0,-37960.0,4740.0,4740.0,4740.0,-62460.0,4740.0,4740.0,10690.0,4740.0,4740.0,4740.0,4740.0,4740.0,4740.0,4740.0,4740.0,-4740.0,-21350.0,4740.0,4740.0
2021-12-10,4510.0,-38190.0,4510.0,4510.0,4510.0,-62460.0,4510.0,4510.0,10460.0,4510.0,4510.0,4510.0,4510.0,4510.0,4510.0,4510.0,4510.0,-4510.0,-21350.0,4510.0,4510.0
2021-12-13,2230.0,-35910.0,2230.0,2230.0,2230.0,-62460.0,2230.0,2230.0,8180.0,2230.0,2230.0,2230.0,2230.0,2230.0,2230.0,2230.0,2230.0,-2230.0,-19070.0,2230.0,2230.0
2021-12-14,900.0,-37240.0,900.0,900.0,900.0,-62460.0,900.0,900.0,6850.0,900.0,900.0,900.0,900.0,900.0,900.0,900.0,900.0,-900.0,-19070.0,900.0,900.0
2021-12-15,2200.0,-38540.0,2200.0,2200.0,2200.0,-62460.0,2200.0,2200.0,8150.0,2200.0,2200.0,2200.0,2200.0,2200.0,2200.0,2200.0,2200.0,-2200.0,-20370.0,2200.0,2200.0
2021-12-16,550.0,-40190.0,550.0,550.0,550.0,-62460.0,550.0,550.0,6500.0,550.0,550.0,550.0,550.0,550.0,550.0,550.0,550.0,-550.0,-20370.0,550.0,550.0
2021-12-17,560.0,-40200.0,560.0,560.0,560.0,-62460.0,560.0,560.0,6510.0,560.0,560.0,560.0,560.0,560.0,560.0,560.0,560.0,-560.0,-20380.0,560.0,560.0
2021-12-20,-1730.0,-42490.0,-1730.0,-1730.0,-1730.0,-62460.0,-1730.0,-1730.0,4220.0,-1730.0,-1730.0,-1730.0,-1730.0,-1730.0,-1730.0,-1730.0,-1730.0,1730.0,-20380.0,-1730.0,-1730.0
2021-12-21,2850.0,-47070.0,2850.0,2850.0,2850.0,-67040.0,2850.0,2850.0,8800.0,2850.0,2850.0,2850.0,2850.0,2850.0,2850.0,2850.0,2850.0,-2850.0,-24960.0,2850.0,2850.0
2021-12-22,3680.0,-46240.0,3680.0,3680.0,3680.0,-67040.0,3680.0,3680.0,9630.0,3680.0,3680.0,3680.0,3680.0,3680.0,3680.0,3680.0,3680.0,-3680.0,-24960.0,3680.0,3680.0
2021-12-23,5430.0,-47990.0,5430.0,5430.0,5430.0,-67040.0,5430.0,5430.0,11380.0,5430.0,5430.0,5430.0,5430.0,5430.0,5430.0,5430.0,5430.0,-5430.0,-26710.0,5430.0,5430.0
2021-12-27,4600.0,-48820.0,4600.0,4600.0,4600.0,-67040.0,4600.0,4600.0,11380.0,4600.0,4600.0,4600.0,4600.0,4600.0,4600.0,4600.0,4600.0,-4600.0,-26710.0,4600.0,4600.0
2021-12-28,7000.0,-51220.0,7000.0,7000.0,7000.0,-67040.0,7000.0,7000.0,13780.0,7000.0,7000.0,7000.0,7000.0,7000.0,7000.0,7000.0,7000.0,-7000.0,-29110.0,7000.0,7000.0
2021-12-29,6670.0,-51550.0,6670.0,6670.0,6670.0,-67040.0,6670.0,6670.0,13780.0,6670.0,6670.0,6670.0,6670.0,6670.0,6670.0,6670.0,6670.0,-6670.0,-29110.0,6670.0,6670.0
2021-12-30,7730.0,-52610.0,7730.0,7730.0,7730.0,-67040.0,7730.0,7730.0,14840.0,7730.0,7730.0,7730.0,7730.0,7730.0,7730.0,7730.0,7730.0,-7730.0,-30170.0,7730.0,7730.0
2021-12-31,6690.0,-53650.0,6690.0,6690.0,6690.0,-67040.0,6690.0,6690.0,14840.0,6690.0,6690.0,6690.0,6690.0,6690.0,6690.0,6690.0,6690.0,-6690.0,-30170.0,6690.0,6690.0
