Date,Baseline,WPR & BBP & OBV & RSI & AU & AD,WPR & BBP & OBV & RSI & AU & S,WPR & BBP & OBV & RSI & AD & S,WPR & BBP & OBV & AU & AD & S,WPR & BBP & RSI & AU & AD & S,WPR & OBV & RSI & AU & AD & S,BBP & OBV & RSI & AU & AD & S
2018-01-02,0.0,0.0,0.0,0.0,0.0,0.0,0.0,0.0
2018-01-03,460.0,0.0,460.0,460.0,460.0,460.0,460.0,460.0
2018-01-04,410.0,0.0,410.0,410.0,410.0,410.0,410.0,410.0
2018-01-05,-180.0,0.0,-180.0,-180.0,-180.0,-180.0,-180.0,-180.0
2018-01-08,-1740.0,0.0,-1740.0,-1740.0,-1740.0,-1740.0,-1740.0,-1740.0
2018-01-09,-1810.0,0.0,-1810.0,-1810.0,-1810.0,-1810.0,-1810.0,-1810.0
2018-01-10,-2270.0,0.0,-2270.0,-2270.0,-2270.0,-2270.0,-2270.0,-2270.0
2018-01-11,-790.0,0.0,-790.0,-790.0,-790.0,-790.0,-790.0,-790.0
2018-01-12,650.0,1440.0,650.0,650.0,650.0,650.0,650.0,650.0
2018-01-16,-1080.0,-290.0,-1080.0,-1080.0,-1080.0,-1080.0,-1080.0,-1080.0
2018-01-17,160.0,950.0,160.0,160.0,160.0,160.0,160.0,160.0
2018-01-18,-1350.0,-560.0,-1350.0,-1350.0,-1350.0,-1350.0,-1350.0,-1350.0
2018-01-19,-1180.0,-390.0,-1180.0,-1180.0,-1180.0,-1180.0,-1180.0,-1180.0
2018-01-22,-680.0,110.0,-680.0,-680.0,-680.0,-680.0,-680.0,-680.0
2018-01-23,-1360.0,-570.0,-1360.0,-1360.0,-1360.0,-1360.0,-1360.0,-1360.0
2018-01-24,-1270.0,-570.0,-1270.0,-1270.0,-1270.0,-1270.0,-1270.0,-1270.0
2018-01-25,-1220.0,-520.0,-1220.0,-1220.0,-1220.0,-1220.0,-1220.0,-1220.0
2018-01-26,380.0,1080.0,380.0,380.0,380.0,380.0,380.0,380.0
2018-01-29,-260.0,440.0,-260.0,-260.0,-260.0,-260.0,-260.0,-260.0
2018-01-30,-1650.0,-950.0,-1650.0,-1650.0,-1650.0,-1650.0,-1650.0,-1650.0
2018-01-31,-3050.0,-950.0,-3050.0,-3050.0,-3050.0,-3050.0,-3050.0,-3050.0
2018-02-01,-1280.0,820.0,-1280.0,-1280.0,-1280.0,-1280.0,-1280.0,-1280.0
2018-02-02,-3020.0,-920.0,-3020.0,-3020.0,-3020.0,-3020.0,-3020.0,-3020.0
2018-02-05,-6910.0,-4810.0,-6910.0,-6910.0,-6910.0,-6910.0,-6910.0,-6910.0
2018-02-06,-5480.0,-3380.0,-5480.0,-5480.0,-5480.0,-5480.0,-5480.0,-5480.0
2018-02-07,-6850.0,-4750.0,-6850.0,-6850.0,-6850.0,-6850.0,-6850.0,-6850.0
2018-02-08,-10170.0,-8070.0,-10170.0,-10170.0,-10170.0,-10170.0,-10170.0,-10170.0
2018-02-09,-8470.0,-6370.0,-8470.0,-8470.0,-8470.0,-8470.0,-8470.0,-8470.0
2018-02-12,-8180.0,-6080.0,-8180.0,-8180.0,-8180.0,-8180.0,-8180.0,-8180.0
2018-02-13,-7470.0,-5370.0,-7470.0,-7470.0,-7470.0,-7470.0,-7470.0,-7470.0
2018-02-14,-7010.0,-4910.0,-7010.0,-7010.0,-7010.0,-7010.0,-7010.0,-7010.0
2018-02-15,-6440.0,-4340.0,-6440.0,-6440.0,-6440.0,-6440.0,-6440.0,-6440.0
2018-02-16,-5130.0,-3030.0,-5130.0,-5130.0,-5130.0,-5130.0,-5130.0,-5130.0
2018-02-20,-5660.0,-3560.0,-5660.0,-5660.0,-5660.0,-5660.0,-5660.0,-5660.0
2018-02-21,-6570.0,-4470.0,-6570.0,-6570.0,-6570.0,-6570.0,-6570.0,-6570.0
2018-02-22,-6380.0,-4280.0,-6380.0,-6380.0,-6380.0,-6380.0,-6380.0,-6380.0
2018-02-23,-4430.0,-2330.0,-4430.0,-4430.0,-4430.0,-4430.0,-4430.0,-4430.0
2018-02-26,-1940.0,160.0,-1940.0,-1940.0,-1940.0,-1940.0,-1940.0,-1940.0
2018-02-27,-6740.0,-4640.0,-6740.0,-6740.0,-6740.0,-6740.0,-6740.0,-6740.0
2018-02-28,-8410.0,-4640.0,-8410.0,-8410.0,-8410.0,-8410.0,-8410.0,-8410.0
2018-03-01,-8980.0,-5210.0,-8980.0,-8980.0,-8980.0,-8980.0,-8980.0,-8980.0
2018-03-02,-8570.0,-4800.0,-8570.0,-8570.0,-8570.0,-8570.0,-8570.0,-8570.0
2018-03-05,-8160.0,-4390.0,-8160.0,-8160.0,-8160.0,-8160.0,-8160.0,-8160.0
2018-03-06,-6680.0,-2910.0,-6680.0,-6680.0,-6680.0,-6680.0,-6680.0,-6680.0
2018-03-07,-7990.0,-4220.0,-7990.0,-7990.0,-7990.0,-7990.0,-7990.0,-7990.0
2018-03-08,-7560.0,-3790.0,-7560.0,-7560.0,-7560.0,-7560.0,-7560.0,-7560.0
2018-03-09,-6880.0,-3110.0,-6880.0,-6880.0,-6880.0,-6880.0,-6880.0,-6880.0
2018-03-12,-6450.0,-2680.0,-6450.0,-6450.0,-6450.0,-6450.0,-6450.0,-6450.0
2018-03-13,-7850.0,-4080.0,-7850.0,-7850.0,-7850.0,-7850.0,-7850.0,-7850.0
2018-03-14,-7690.0,-3920.0,-7690.0,-7690.0,-7690.0,-7690.0,-7690.0,-7690.0
2018-03-15,-8330.0,-4560.0,-8330.0,-8330.0,-8330.0,-8330.0,-8330.0,-8330.0
2018-03-16,-8690.0,-4920.0,-8690.0,-8690.0,-8690.0,-8690.0,-8690.0,-8690.0
2018-03-19,-10040.0,-4920.0,-10040.0,-10040.0,-10040.0,-10040.0,-10040.0,-10040.0
2018-03-20,-10170.0,-5050.0,-10170.0,-10170.0,-10170.0,-10170.0,-10170.0,-10170.0
2018-03-21,-9710.0,-4590.0,-9710.0,-9710.0,-9710.0,-9710.0,-9710.0,-9710.0
2018-03-22,-10900.0,-5780.0,-10900.0,-10900.0,-10900.0,-10900.0,-10900.0,-10900.0
2018-03-23,-12900.0,-7780.0,-12900.0,-12900.0,-12900.0,-12900.0,-12900.0,-12900.0
2018-03-26,-10850.0,-5730.0,-10850.0,-10850.0,-10850.0,-10850.0,-10850.0,-10850.0
2018-03-27,-12100.0,-6980.0,-12100.0,-12100.0,-12100.0,-12100.0,-12100.0,-12100.0
2018-03-28,-12900.0,-7780.0,-12900.0,-12900.0,-12900.0,-12900.0,-12900.0,-12900.0
2018-03-29,-11050.0,-5930.0,-11050.0,-11050.0,-11050.0,-11050.0,-11050.0,-11050.0
2018-04-02,-12780.0,-7660.0,-12780.0,-12780.0,-12780.0,-12780.0,-12780.0,-12780.0
2018-04-03,-12040.0,-6920.0,-12040.0,-12040.0,-12040.0,-12040.0,-12040.0,-12040.0
2018-04-04,-10560.0,-5440.0,-10560.0,-10560.0,-10560.0,-10560.0,-10560.0,-10560.0
2018-04-05,-9430.0,-4310.0,-9430.0,-9430.0,-9430.0,-9430.0,-9430.0,-9430.0
2018-04-06,-11140.0,-6020.0,-11140.0,-11140.0,-11140.0,-11140.0,-11140.0,-11140.0
2018-04-09,-11770.0,-6650.0,-11770.0,-11770.0,-11770.0,-11770.0,-11770.0,-11770.0
2018-04-10,-10150.0,-6650.0,-10150.0,-10150.0,-10150.0,-10150.0,-10150.0,-10150.0
2018-04-11,-10700.0,-6650.0,-10700.0,-10700.0,-10700.0,-10700.0,-10700.0,-10700.0
2018-04-12,-11100.0,-6650.0,-11100.0,-11100.0,-11100.0,-11100.0,-11100.0,-11100.0
2018-04-13,-11140.0,-6690.0,-11140.0,-11140.0,-11140.0,-11140.0,-11140.0,-11140.0
2018-04-16,-11250.0,-6800.0,-11250.0,-11250.0,-11250.0,-11250.0,-11250.0,-11250.0
2018-04-17,-9370.0,-4920.0,-9370.0,-9370.0,-9370.0,-9370.0,-9370.0,-9370.0
2018-04-18,-10300.0,-4920.0,-10300.0,-10300.0,-10300.0,-10300.0,-10300.0,-10300.0
2018-04-19,-10610.0,-5230.0,-10610.0,-10610.0,-10610.0,-10610.0,-10610.0,-10610.0
2018-04-20,-11250.0,-5870.0,-11250.0,-11250.0,-11250.0,-11250.0,-11250.0,-11250.0
2018-04-23,-11330.0,-5950.0,-11330.0,-11330.0,-11330.0,-11330.0,-11330.0,-11330.0
2018-04-24,-12000.0,-6620.0,-12000.0,-12000.0,-12000.0,-12000.0,-12000.0,-12000.0
2018-04-25,-10360.0,-4980.0,-10360.0,-10360.0,-10360.0,-10360.0,-10360.0,-10360.0
2018-04-26,-11640.0,-6260.0,-11640.0,-11640.0,-11640.0,-11640.0,-11640.0,-11640.0
2018-04-27,-12230.0,-6850.0,-12230.0,-12230.0,-12230.0,-12230.0,-12230.0,-12230.0
2018-04-30,-11160.0,-5780.0,-11160.0,-11160.0,-11160.0,-11160.0,-11160.0,-11160.0
2018-05-01,-11420.0,-6040.0,-11420.0,-11420.0,-11420.0,-11420.0,-11420.0,-11420.0
2018-05-02,-11850.0,-6470.0,-11850.0,-11850.0,-11850.0,-11850.0,-11850.0,-11850.0
2018-05-03,-12690.0,-7310.0,-12690.0,-12690.0,-12690.0,-12690.0,-12690.0,-12690.0
2018-05-04,-10360.0,-4980.0,-10360.0,-10360.0,-10360.0,-10360.0,-10360.0,-10360.0
2018-05-07,-9070.0,-3690.0,-9070.0,-9070.0,-9070.0,-9070.0,-9070.0,-9070.0
2018-05-08,-9740.0,-4360.0,-9740.0,-9740.0,-9740.0,-9740.0,-9740.0,-9740.0
2018-05-09,-11510.0,-6130.0,-11510.0,-11510.0,-11510.0,-11510.0,-11510.0,-11510.0
2018-05-10,-9850.0,-4470.0,-9850.0,-9850.0,-9850.0,-9850.0,-9850.0,-9850.0
2018-05-11,-9470.0,-4090.0,-9470.0,-9470.0,-9470.0,-9470.0,-9470.0,-9470.0
2018-05-14,-9110.0,-3730.0,-9110.0,-9110.0,-9110.0,-9110.0,-9110.0,-9110.0
2018-05-15,-8640.0,-3260.0,-8640.0,-8640.0,-8640.0,-8640.0,-8640.0,-8640.0
2018-05-16,-6580.0,-1200.0,-6580.0,-6580.0,-6580.0,-6580.0,-6580.0,-6580.0
2018-05-17,-7260.0,-1880.0,-7260.0,-7260.0,-7260.0,-7260.0,-7260.0,-7260.0
2018-05-18,-7660.0,-2280.0,-7660.0,-7660.0,-7660.0,-7660.0,-7660.0,-7660.0
2018-05-21,-7530.0,-2280.0,-7530.0,-7530.0,-7530.0,-7530.0,-7530.0,-7530.0
2018-05-22,-7520.0,-2280.0,-7520.0,-7520.0,-7520.0,-7520.0,-7520.0,-7520.0
2018-05-23,-8670.0,-2280.0,-8670.0,-8670.0,-8670.0,-8670.0,-8670.0,-8670.0
2018-05-24,-9430.0,-2280.0,-9430.0,-9430.0,-9430.0,-9430.0,-9430.0,-9430.0
2018-05-25,-9340.0,-2190.0,-9340.0,-9340.0,-9340.0,-9340.0,-9340.0,-9340.0
2018-05-29,-11780.0,-2190.0,-11780.0,-11780.0,-11780.0,-11780.0,-11780.0,-11780.0
2018-05-30,-11500.0,-1910.0,-11500.0,-11500.0,-11500.0,-11500.0,-11500.0,-11500.0
2018-05-31,-11990.0,-2400.0,-11990.0,-11990.0,-11990.0,-11990.0,-11990.0,-11990.0
2018-06-01,-12100.0,-2510.0,-12100.0,-12100.0,-12100.0,-12100.0,-12100.0,-12100.0
2018-06-04,-11250.0,-1660.0,-11250.0,-11250.0,-11250.0,-11250.0,-11250.0,-11250.0
2018-06-05,-11540.0,-1950.0,-11540.0,-11540.0,-11540.0,-11540.0,-11540.0,-11540.0
2018-06-06,-9620.0,-30.0,-9620.0,-9620.0,-9620.0,-9620.0,-9620.0,-9620.0
2018-06-07,-9080.0,510.0,-9080.0,-9080.0,-9080.0,-9080.0,-9080.0,-9080.0
2018-06-08,-7610.0,1980.0,-7610.0,-7610.0,-7610.0,-7610.0,-7610.0,-7610.0
2018-06-11,-7250.0,2340.0,-7250.0,-7250.0,-7250.0,-7250.0,-7250.0,-7250.0
2018-06-12,-7270.0,2320.0,-7270.0,-7270.0,-7270.0,-7270.0,-7270.0,-7270.0
2018-06-13,-5340.0,4250.0,-5340.0,-5340.0,-5340.0,-5340.0,-5340.0,-5340.0
2018-06-14,-2970.0,6620.0,-2970.0,-2970.0,-2970.0,-2970.0,-2970.0,-2970.0
2018-06-15,-2870.0,6720.0,-2870.0,-2870.0,-2870.0,-2870.0,-2870.0,-2870.0
2018-06-18,-4610.0,4980.0,-4610.0,-4610.0,-4610.0,-4610.0,-4610.0,-4610.0
2018-06-19,-5550.0,4040.0,-5550.0,-5550.0,-5550.0,-5550.0,-5550.0,-5550.0
2018-06-20,-4530.0,4040.0,-4530.0,-4530.0,-4530.0,-4530.0,-4530.0,-4530.0
2018-06-21,-5750.0,4040.0,-5750.0,-5750.0,-5750.0,-5750.0,-5750.0,-5750.0
2018-06-22,-5310.0,4040.0,-5310.0,-5310.0,-5310.0,-5310.0,-5310.0,-5310.0
2018-06-25,-7150.0,4040.0,-7150.0,-7150.0,-7150.0,-7150.0,-7150.0,-7150.0
2018-06-26,-7340.0,3850.0,-7340.0,-7340.0,-7340.0,-7340.0,-7340.0,-7340.0
2018-06-27,-7630.0,3560.0,-7630.0,-7630.0,-7630.0,-7630.0,-7630.0,-7630.0
2018-06-28,-6840.0,4350.0,-6840.0,-6840.0,-6840.0,-6840.0,-6840.0,-6840.0
2018-06-29,-6800.0,4390.0,-6800.0,-6800.0,-6800.0,-6800.0,-6800.0,-6800.0
2018-07-02,-6300.0,4890.0,-6300.0,-6300.0,-6300.0,-6300.0,-6300.0,-6300.0
2018-07-03,-7550.0,3640.0,-7550.0,-7550.0,-7550.0,-7550.0,-7550.0,-7550.0
2018-07-05,-6290.0,4900.0,-6290.0,-6290.0,-6290.0,-6290.0,-6290.0,-6290.0
2018-07-06,-6010.0,5180.0,-6010.0,-6010.0,-6010.0,-6010.0,-6010.0,-6010.0
2018-07-09,-4800.0,6390.0,-4800.0,-4800.0,-4800.0,-4800.0,-4800.0,-4800.0
2018-07-10,-4790.0,6400.0,-4790.0,-4790.0,-4790.0,-4790.0,-4790.0,-4790.0
2018-07-11,-2820.0,8370.0,-2820.0,-2820.0,-2820.0,-2820.0,-2820.0,-2820.0
2018-07-12,-2610.0,8580.0,-2610.0,-2610.0,-2610.0,-2610.0,-2610.0,-2610.0
2018-07-13,-890.0,10300.0,-890.0,-890.0,-890.0,-890.0,-890.0,-890.0
2018-07-16,-700.0,10490.0,-700.0,-700.0,-700.0,-700.0,-700.0,-700.0
2018-07-17,-600.0,10590.0,-600.0,-600.0,-600.0,-600.0,-600.0,-600.0
2018-07-18,-220.0,10970.0,-220.0,-220.0,-220.0,-220.0,-220.0,-220.0
2018-07-19,1190.0,12380.0,1190.0,1190.0,1190.0,1190.0,1190.0,1190.0
2018-07-20,560.0,11750.0,560.0,560.0,560.0,560.0,560.0,560.0
2018-07-23,170.0,11360.0,170.0,170.0,170.0,170.0,170.0,170.0
2018-07-24,-210.0,10980.0,-210.0,-210.0,-210.0,-210.0,-210.0,-210.0
2018-07-25,260.0,11450.0,260.0,260.0,260.0,260.0,260.0,260.0
2018-07-26,2550.0,13740.0,2550.0,2550.0,2550.0,2550.0,2550.0,2550.0
2018-07-27,1670.0,12860.0,1670.0,1670.0,1670.0,1670.0,1670.0,1670.0
2018-07-30,1680.0,12870.0,1680.0,1680.0,1680.0,1680.0,1680.0,1680.0
2018-07-31,2600.0,13790.0,2600.0,2600.0,2600.0,2600.0,2600.0,2600.0
2018-08-01,2020.0,13210.0,2020.0,2020.0,2020.0,2020.0,2020.0,2020.0
2018-08-02,1800.0,12990.0,1800.0,1800.0,1800.0,1800.0,1800.0,1800.0
2018-08-03,3110.0,12990.0,3110.0,3110.0,3110.0,3110.0,3110.0,3110.0
2018-08-06,4930.0,14810.0,4930.0,4930.0,4930.0,4930.0,4930.0,4930.0
2018-08-07,5540.0,15420.0,5540.0,5540.0,5540.0,5540.0,5540.0,5540.0
2018-08-08,3010.0,12890.0,3010.0,3010.0,3010.0,3010.0,3010.0,3010.0
2018-08-09,3180.0,12890.0,3180.0,3180.0,3180.0,3180.0,3180.0,3180.0
2018-08-10,1730.0,11440.0,1730.0,1730.0,1730.0,1730.0,1730.0,1730.0
2018-08-13,1180.0,11440.0,1180.0,1180.0,1180.0,1180.0,1180.0,1180.0
2018-08-14,1800.0,11440.0,1800.0,1800.0,1800.0,1800.0,1800.0,1800.0
2018-08-15,1900.0,11440.0,1900.0,1900.0,1900.0,1900.0,1900.0,1900.0
2018-08-16,1540.0,11440.0,1540.0,1540.0,1540.0,1540.0,1540.0,1540.0
2018-08-17,1540.0,11440.0,1540.0,1540.0,1540.0,1540.0,1540.0,1540.0
2018-08-20,1060.0,10960.0,1060.0,1060.0,1060.0,1060.0,1060.0,1060.0
2018-08-21,1450.0,11350.0,1450.0,1450.0,1450.0,1450.0,1450.0,1450.0
2018-08-22,1010.0,10910.0,1010.0,1010.0,1010.0,1010.0,1010.0,1010.0
2018-08-23,1070.0,10970.0,1070.0,1070.0,1070.0,1070.0,1070.0,1070.0
2018-08-24,1000.0,10900.0,1000.0,1000.0,1000.0,1000.0,1000.0,1000.0
2018-08-27,1390.0,11290.0,1390.0,1390.0,1390.0,1390.0,1390.0,1390.0
2018-08-28,1630.0,11530.0,1630.0,1630.0,1630.0,1630.0,1630.0,1630.0
2018-08-29,1510.0,11410.0,1510.0,1510.0,1510.0,1510.0,1510.0,1510.0
2018-08-30,990.0,10890.0,990.0,990.0,990.0,990.0,990.0,990.0
2018-08-31,1090.0,10990.0,1090.0,1090.0,1090.0,1090.0,1090.0,1090.0
2018-09-04,-60.0,9840.0,-60.0,-60.0,-60.0,-60.0,-60.0,-60.0
2018-09-05,-1020.0,8880.0,-1020.0,-1020.0,-1020.0,-1020.0,-1020.0,-1020.0
2018-09-06,-640.0,9260.0,-640.0,-640.0,-640.0,-640.0,-640.0,-640.0
2018-09-07,60.0,9960.0,60.0,60.0,60.0,60.0,60.0,60.0
2018-09-10,-230.0,9670.0,-230.0,-230.0,-230.0,-230.0,-230.0,-230.0
2018-09-11,-1290.0,8610.0,-1290.0,-1290.0,-1290.0,-1290.0,-1290.0,-1290.0
2018-09-12,-1420.0,8480.0,-1420.0,-1420.0,-1420.0,-1420.0,-1420.0,-1420.0
2018-09-13,-240.0,9660.0,-240.0,-240.0,-240.0,-240.0,-240.0,-240.0
2018-09-14,-1620.0,8280.0,-1620.0,-1620.0,-1620.0,-1620.0,-1620.0,-1620.0
2018-09-17,-1520.0,8380.0,-1520.0,-1520.0,-1520.0,-1520.0,-1520.0,-1520.0
2018-09-18,-1360.0,8540.0,-1360.0,-1360.0,-1360.0,-1360.0,-1360.0,-1360.0
2018-09-19,-1100.0,8800.0,-1100.0,-1100.0,-1100.0,-1100.0,-1100.0,-1100.0
2018-09-20,690.0,10590.0,690.0,690.0,690.0,690.0,690.0,690.0
2018-09-21,-500.0,9400.0,-500.0,-500.0,-500.0,-500.0,-500.0,-500.0
2018-09-24,1820.0,11720.0,1820.0,1820.0,1820.0,1820.0,1820.0,1820.0
2018-09-25,2660.0,12560.0,2660.0,2660.0,2660.0,2660.0,2660.0,2660.0
2018-09-26,4210.0,14110.0,4210.0,4210.0,4210.0,4210.0,4210.0,4210.0
2018-09-27,5030.0,14930.0,5030.0,5030.0,5030.0,5030.0,5030.0,5030.0
2018-09-28,5910.0,15810.0,5910.0,5910.0,5910.0,5910.0,5910.0,5910.0
2018-10-01,5220.0,15120.0,5220.0,5220.0,5220.0,5220.0,5220.0,5220.0
2018-10-02,6610.0,16510.0,6610.0,6610.0,6610.0,6610.0,6610.0,6610.0
2018-10-03,5880.0,15780.0,5880.0,5880.0,5880.0,5880.0,5880.0,5880.0
2018-10-04,5110.0,15010.0,5110.0,5110.0,5110.0,5110.0,5110.0,5110.0
2018-10-05,3790.0,13690.0,3790.0,3790.0,3790.0,3790.0,3790.0,3790.0
2018-10-08,5010.0,13690.0,5010.0,5010.0,5010.0,5010.0,5010.0,5010.0
2018-10-09,5860.0,14540.0,5860.0,5860.0,5860.0,5860.0,5860.0,5860.0
2018-10-10,1910.0,10590.0,1910.0,1910.0,1910.0,1910.0,1910.0,1910.0
2018-10-11,230.0,10590.0,230.0,230.0,230.0,230.0,230.0,230.0
2018-10-12,1660.0,10590.0,1660.0,1660.0,1660.0,1660.0,1660.0,1660.0
2018-10-15,2480.0,10590.0,2480.0,2480.0,2480.0,2480.0,2480.0,2480.0
2018-10-16,5170.0,13280.0,5170.0,5170.0,5170.0,5170.0,5170.0,5170.0
2018-10-17,6100.0,14210.0,6100.0,6100.0,6100.0,6100.0,6100.0,6100.0
2018-10-18,5160.0,13270.0,5160.0,5160.0,5160.0,5160.0,5160.0,5160.0
2018-10-19,7830.0,15940.0,7830.0,7830.0,7830.0,7830.0,7830.0,7830.0
2018-10-22,7210.0,15320.0,7210.0,7210.0,7210.0,7210.0,7210.0,7210.0
2018-10-23,6800.0,14910.0,6800.0,6800.0,6800.0,6800.0,6800.0,6800.0
2018-10-24,680.0,8790.0,680.0,680.0,680.0,680.0,680.0,680.0
2018-10-25,3180.0,11290.0,3180.0,3180.0,3180.0,3180.0,3180.0,3180.0
2018-10-26,2230.0,10340.0,2230.0,2230.0,2230.0,2230.0,2230.0,2230.0
2018-10-29,2090.0,10200.0,2090.0,2090.0,2090.0,2090.0,2090.0,2090.0
2018-10-30,3770.0,10200.0,3770.0,3770.0,3770.0,3770.0,3770.0,3770.0
2018-10-31,3840.0,10270.0,3840.0,3840.0,3840.0,3840.0,3840.0,3840.0
2018-11-01,5090.0,11520.0,5090.0,5090.0,5090.0,5090.0,5090.0,5090.0
2018-11-02,4180.0,10610.0,4180.0,4180.0,4180.0,4180.0,4180.0,4180.0
2018-11-05,4450.0,10880.0,4450.0,4450.0,4450.0,4450.0,4450.0,4450.0
2018-11-06,5680.0,12110.0,5680.0,5680.0,5680.0,5680.0,5680.0,5680.0
2018-11-07,6020.0,12450.0,6020.0,6020.0,6020.0,6020.0,6020.0,6020.0
2018-11-08,4990.0,11420.0,4990.0,4990.0,4990.0,4990.0,4990.0,4990.0
2018-11-09,6950.0,13380.0,6950.0,6950.0,6950.0,6950.0,6950.0,6950.0
2018-11-12,5670.0,12100.0,5670.0,5670.0,5670.0,5670.0,5670.0,5670.0
2018-11-13,5820.0,12250.0,5820.0,5820.0,5820.0,5820.0,5820.0,5820.0
2018-11-14,6090.0,12520.0,6090.0,6090.0,6090.0,6090.0,6090.0,6090.0
2018-11-15,6080.0,12510.0,6080.0,6080.0,6080.0,6080.0,6080.0,6080.0
2018-11-16,5170.0,11600.0,5170.0,5170.0,5170.0,5170.0,5170.0,5170.0
2018-11-19,4420.0,11600.0,4420.0,4420.0,4420.0,4420.0,4420.0,4420.0
2018-11-20,940.0,11600.0,940.0,940.0,940.0,940.0,940.0,940.0
2018-11-21,2080.0,12740.0,2080.0,2080.0,2080.0,2080.0,2080.0,2080.0
2018-11-23,1140.0,11800.0,1140.0,1140.0,1140.0,1140.0,1140.0,1140.0
2018-11-26,1610.0,12270.0,1610.0,1610.0,1610.0,1610.0,1610.0,1610.0
2018-11-27,2930.0,13590.0,2930.0,2930.0,2930.0,2930.0,2930.0,2930.0
2018-11-28,5090.0,15750.0,5090.0,5090.0,5090.0,5090.0,5090.0,5090.0
2018-11-29,5590.0,16250.0,5590.0,5590.0,5590.0,5590.0,5590.0,5590.0
2018-11-30,4490.0,15150.0,4490.0,4490.0,4490.0,4490.0,4490.0,4490.0
2018-12-03,4730.0,15390.0,4730.0,4730.0,4730.0,4730.0,4730.0,4730.0
2018-12-04,1920.0,12580.0,1920.0,1920.0,1920.0,1920.0,1920.0,1920.0
2018-12-06,3350.0,14010.0,3350.0,3350.0,3350.0,3350.0,3350.0,3350.0
2018-12-07,1900.0,12560.0,1900.0,1900.0,1900.0,1900.0,1900.0,1900.0
2018-12-10,1780.0,12440.0,1780.0,1780.0,1780.0,1780.0,1780.0,1780.0
2018-12-11,1890.0,12550.0,1890.0,1890.0,1890.0,1890.0,1890.0,1890.0
2018-12-12,2130.0,12550.0,2130.0,2130.0,2130.0,2130.0,2130.0,2130.0
2018-12-13,3290.0,12550.0,3290.0,3290.0,3290.0,3290.0,3290.0,3290.0
2018-12-14,2120.0,12550.0,2120.0,2120.0,2120.0,2120.0,2120.0,2120.0
2018-12-17,550.0,12550.0,550.0,550.0,550.0,550.0,550.0,550.0
2018-12-18,-600.0,11400.0,-600.0,-600.0,-600.0,-600.0,-600.0,-600.0
2018-12-19,-830.0,11170.0,-830.0,-830.0,-830.0,-830.0,-830.0,-830.0
2018-12-20,-3020.0,8980.0,-3020.0,-3020.0,-3020.0,-3020.0,-3020.0,-3020.0
2018-12-21,-5770.0,6230.0,-5770.0,-5770.0,-5770.0,-5770.0,-5770.0,-5770.0
2018-12-24,-9590.0,2410.0,-9590.0,-9590.0,-9590.0,-9590.0,-9590.0,-9590.0
2018-12-26,-4180.0,7820.0,-4180.0,-4180.0,-4180.0,-4180.0,-4180.0,-4180.0
2018-12-27,-3500.0,8500.0,-3500.0,-3500.0,-3500.0,-3500.0,-3500.0,-3500.0
2018-12-28,-2730.0,9270.0,-2730.0,-2730.0,-2730.0,-2730.0,-2730.0,-2730.0
2018-12-31,-400.0,11600.0,-400.0,-400.0,-400.0,-400.0,-400.0,-400.0
2019-01-02,-1080.0,10920.0,-1080.0,-1080.0,-1080.0,-1080.0,-1080.0,-1080.0
2019-01-03,-3680.0,8320.0,-3680.0,-3680.0,-3680.0,-3680.0,-3680.0,-3680.0
2019-01-04,-440.0,11560.0,-440.0,-440.0,-440.0,-440.0,-440.0,-440.0
2019-01-07,500.0,12500.0,500.0,500.0,500.0,500.0,500.0,500.0
2019-01-08,1340.0,13340.0,1340.0,1340.0,1340.0,1340.0,1340.0,1340.0
2019-01-09,2580.0,14580.0,2580.0,2580.0,2580.0,2580.0,2580.0,2580.0
2019-01-10,2710.0,14710.0,2710.0,2710.0,2710.0,2710.0,2710.0,2710.0
2019-01-11,2560.0,14560.0,2560.0,2560.0,2560.0,2560.0,2560.0,2560.0
2019-01-14,2330.0,14330.0,2330.0,2330.0,2330.0,2330.0,2330.0,2330.0
2019-01-15,1680.0,13680.0,1680.0,1680.0,1680.0,1680.0,1680.0,1680.0
2019-01-16,840.0,12840.0,840.0,840.0,840.0,840.0,840.0,840.0
2019-01-17,940.0,12840.0,940.0,940.0,940.0,940.0,940.0,940.0
2019-01-18,970.0,12870.0,970.0,970.0,970.0,970.0,970.0,970.0
2019-01-22,530.0,12430.0,530.0,530.0,530.0,530.0,530.0,530.0
2019-01-23,1050.0,12950.0,1050.0,1050.0,1050.0,1050.0,1050.0,1050.0
2019-01-24,490.0,12390.0,490.0,490.0,490.0,490.0,490.0,490.0
2019-01-25,1020.0,12390.0,1020.0,1020.0,1020.0,1020.0,1020.0,1020.0
2019-01-28,740.0,12390.0,740.0,740.0,740.0,740.0,740.0,740.0
2019-01-29,830.0,12390.0,830.0,830.0,830.0,830.0,830.0,830.0
2019-01-30,70.0,11630.0,70.0,70.0,70.0,70.0,70.0,70.0
2019-01-31,1440.0,13000.0,1440.0,1440.0,1440.0,1440.0,1440.0,1440.0
2019-02-01,1230.0,12790.0,1230.0,1230.0,1230.0,1230.0,1230.0,1230.0
2019-02-04,1720.0,13280.0,1720.0,1720.0,1720.0,1720.0,1720.0,1720.0
2019-02-05,2570.0,14130.0,2570.0,2570.0,2570.0,2570.0,2570.0,2570.0
2019-02-06,1330.0,12890.0,1330.0,1330.0,1330.0,1330.0,1330.0,1330.0
2019-02-07,880.0,12440.0,880.0,880.0,880.0,880.0,880.0,880.0
2019-02-08,1430.0,12990.0,1430.0,1430.0,1430.0,1430.0,1430.0,1430.0
2019-02-11,-610.0,10950.0,-610.0,-610.0,-610.0,-610.0,-610.0,-610.0
2019-02-12,-850.0,10710.0,-850.0,-850.0,-850.0,-850.0,-850.0,-850.0
2019-02-13,140.0,11700.0,140.0,140.0,140.0,140.0,140.0,140.0
2019-02-14,590.0,12150.0,590.0,590.0,590.0,590.0,590.0,590.0
2019-02-15,2500.0,14060.0,2500.0,2500.0,2500.0,2500.0,2500.0,2500.0
2019-02-19,3410.0,14970.0,3410.0,3410.0,3410.0,3410.0,3410.0,3410.0
2019-02-20,3580.0,15140.0,3580.0,3580.0,3580.0,3580.0,3580.0,3580.0
2019-02-21,4180.0,15740.0,4180.0,4180.0,4180.0,4180.0,4180.0,4180.0
2019-02-22,5130.0,16690.0,5130.0,5130.0,5130.0,5130.0,5130.0,5130.0
2019-02-25,3490.0,15050.0,3490.0,3490.0,3490.0,3490.0,3490.0,3490.0
2019-02-26,3400.0,14960.0,3400.0,3400.0,3400.0,3400.0,3400.0,3400.0
2019-02-27,2690.0,14250.0,2690.0,2690.0,2690.0,2690.0,2690.0,2690.0
2019-02-28,2750.0,14310.0,2750.0,2750.0,2750.0,2750.0,2750.0,2750.0
2019-03-01,3900.0,15460.0,3900.0,3900.0,3900.0,3900.0,3900.0,3900.0
2019-03-04,4220.0,15780.0,4220.0,4220.0,4220.0,4220.0,4220.0,4220.0
2019-03-05,3890.0,15450.0,3890.0,3890.0,3890.0,3890.0,3890.0,3890.0
2019-03-06,4730.0,16290.0,4730.0,4730.0,4730.0,4730.0,4730.0,4730.0
2019-03-07,3900.0,15460.0,3900.0,3900.0,3900.0,3900.0,3900.0,3900.0
2019-03-08,3710.0,15270.0,3710.0,3710.0,3710.0,3710.0,3710.0,3710.0
2019-03-11,4630.0,15270.0,4630.0,4630.0,4630.0,4630.0,4630.0,4630.0
2019-03-12,4610.0,15250.0,4610.0,4610.0,4610.0,4610.0,4610.0,4610.0
2019-03-13,3980.0,14620.0,3980.0,3980.0,3980.0,3980.0,3980.0,3980.0
2019-03-14,4370.0,15010.0,4370.0,4370.0,4370.0,4370.0,4370.0,4370.0
2019-03-15,4840.0,15480.0,4840.0,4840.0,4840.0,4840.0,4840.0,4840.0
2019-03-18,3020.0,13660.0,3020.0,3020.0,3020.0,3020.0,3020.0,3020.0
2019-03-19,-60.0,13660.0,-60.0,-60.0,-60.0,-60.0,-60.0,-60.0
2019-03-20,-70.0,13650.0,-70.0,-70.0,-70.0,-70.0,-70.0,-70.0
2019-03-21,-1380.0,12340.0,-1380.0,-1380.0,-1380.0,-1380.0,-1380.0,-1380.0
2019-03-22,-1810.0,11910.0,-1810.0,-1810.0,-1810.0,-1810.0,-1810.0,-1810.0
2019-03-25,-2240.0,11480.0,-2240.0,-2240.0,-2240.0,-2240.0,-2240.0,-2240.0
2019-03-26,80.0,13800.0,80.0,80.0,80.0,80.0,80.0,80.0
2019-03-27,220.0,13940.0,220.0,220.0,220.0,220.0,220.0,220.0
2019-03-28,640.0,14360.0,640.0,640.0,640.0,640.0,640.0,640.0
2019-03-29,960.0,14680.0,960.0,960.0,960.0,960.0,960.0,960.0
2019-04-01,2420.0,16140.0,2420.0,2420.0,2420.0,2420.0,2420.0,2420.0
2019-04-02,1880.0,15600.0,1880.0,1880.0,1880.0,1880.0,1880.0,1880.0
2019-04-03,2430.0,16150.0,2430.0,2430.0,2430.0,2430.0,2430.0,2430.0
2019-04-04,4630.0,18350.0,4630.0,4630.0,4630.0,4630.0,4630.0,4630.0
2019-04-05,4880.0,18600.0,4880.0,4880.0,4880.0,4880.0,4880.0,4880.0
2019-04-08,4840.0,18560.0,4840.0,4840.0,4840.0,4840.0,4840.0,4840.0
2019-04-09,6720.0,20440.0,6720.0,6720.0,6720.0,6720.0,6720.0,6720.0
2019-04-10,7020.0,20740.0,7020.0,7020.0,7020.0,7020.0,7020.0,7020.0
2019-04-11,6460.0,20180.0,6460.0,6460.0,6460.0,6460.0,6460.0,6460.0
2019-04-12,19760.0,33480.0,19760.0,19760.0,19760.0,19760.0,19760.0,19760.0
2019-04-15,21720.0,35440.0,21720.0,21720.0,21720.0,21720.0,21720.0,21720.0
2019-04-16,19600.0,33320.0,19600.0,19600.0,19600.0,19600.0,19600.0,19600.0
2019-04-17,21430.0,35150.0,21430.0,21430.0,21430.0,21430.0,21430.0,21430.0
2019-04-18,22120.0,35840.0,22120.0,22120.0,22120.0,22120.0,22120.0,22120.0
2019-04-22,21360.0,35080.0,21360.0,21360.0,21360.0,21360.0,21360.0,21360.0
2019-04-23,23020.0,36740.0,23020.0,23020.0,23020.0,23020.0,23020.0,23020.0
2019-04-24,24740.0,38460.0,24740.0,24740.0,24740.0,24740.0,24740.0,24740.0
2019-04-25,26850.0,40570.0,26850.0,26850.0,26850.0,26850.0,26850.0,26850.0
2019-04-26,29500.0,43220.0,29500.0,29500.0,29500.0,29500.0,29500.0,29500.0
2019-04-29,28890.0,42610.0,28890.0,28890.0,28890.0,28890.0,28890.0,28890.0
2019-04-30,26590.0,40310.0,26590.0,26590.0,26590.0,26590.0,26590.0,26590.0
2019-05-01,26000.0,39720.0,26000.0,26000.0,26000.0,26000.0,26000.0,26000.0
2019-05-02,23790.0,37510.0,23790.0,23790.0,23790.0,23790.0,23790.0,23790.0
2019-05-03,23980.0,37510.0,23980.0,23980.0,23980.0,23980.0,23980.0,23980.0
2019-05-06,24640.0,37510.0,24640.0,24640.0,24640.0,24640.0,24640.0,24640.0
2019-05-07,23100.0,35970.0,23100.0,23100.0,23100.0,23100.0,23100.0,23100.0
2019-05-08,24630.0,35970.0,24630.0,24630.0,24630.0,24630.0,24630.0,24630.0
2019-05-09,23250.0,35970.0,23250.0,23250.0,23250.0,23250.0,23250.0,23250.0
2019-05-10,23690.0,36410.0,23690.0,23690.0,23690.0,23690.0,23690.0,23690.0
2019-05-13,21020.0,36410.0,21020.0,21020.0,21020.0,21020.0,21020.0,21020.0
2019-05-14,22860.0,38250.0,22860.0,22860.0,22860.0,22860.0,22860.0,22860.0
2019-05-15,24320.0,39710.0,24320.0,24320.0,24320.0,24320.0,24320.0,24320.0
2019-05-16,25130.0,40520.0,25130.0,25130.0,25130.0,25130.0,25130.0,25130.0
2019-05-17,24680.0,40070.0,24680.0,24680.0,24680.0,24680.0,24680.0,24680.0
2019-05-20,23560.0,38950.0,23560.0,23560.0,23560.0,23560.0,23560.0,23560.0
2019-05-21,23740.0,39130.0,23740.0,23740.0,23740.0,23740.0,23740.0,23740.0
2019-05-22,23500.0,38890.0,23500.0,23500.0,23500.0,23500.0,23500.0,23500.0
2019-05-23,22400.0,37790.0,22400.0,22400.0,22400.0,22400.0,22400.0,22400.0
2019-05-24,22460.0,37850.0,22460.0,22460.0,22460.0,22460.0,22460.0,22460.0
2019-05-28,22290.0,37680.0,22290.0,22290.0,22290.0,22290.0,22290.0,22290.0
2019-05-29,21250.0,36640.0,21250.0,21250.0,21250.0,21250.0,21250.0,21250.0
2019-05-30,21870.0,36640.0,21870.0,21870.0,21870.0,21870.0,21870.0,21870.0
2019-05-31,21720.0,36490.0,21720.0,21720.0,21720.0,21720.0,21720.0,21720.0
2019-06-03,22140.0,36490.0,22140.0,22140.0,22140.0,22140.0,22140.0,22140.0
2019-06-04,24460.0,36490.0,24460.0,24460.0,24460.0,24460.0,24460.0,24460.0
2019-06-05,25570.0,37600.0,25570.0,25570.0,25570.0,25570.0,25570.0,25570.0
2019-06-06,26820.0,38850.0,26820.0,26820.0,26820.0,26820.0,26820.0,26820.0
2019-06-07,27640.0,39670.0,27640.0,27640.0,27640.0,27640.0,27640.0,27640.0
2019-06-10,26690.0,38720.0,26690.0,26690.0,26690.0,26690.0,26690.0,26690.0
2019-06-11,24720.0,36750.0,24720.0,24720.0,24720.0,24720.0,24720.0,24720.0
2019-06-12,25350.0,37380.0,25350.0,25350.0,25350.0,25350.0,25350.0,25350.0
2019-06-13,31300.0,43330.0,31300.0,31300.0,31300.0,31300.0,31300.0,31300.0
2019-06-14,31210.0,43240.0,31210.0,31210.0,31210.0,31210.0,31210.0,31210.0
2019-06-17,30540.0,42570.0,30540.0,30540.0,30540.0,30540.0,30540.0,30540.0
2019-06-18,28830.0,40860.0,28830.0,28830.0,28830.0,28830.0,28830.0,28830.0
2019-06-19,30490.0,42520.0,30490.0,30490.0,30490.0,30490.0,30490.0,30490.0
2019-06-20,31580.0,43610.0,31580.0,31580.0,31580.0,31580.0,31580.0,31580.0
2019-06-21,29810.0,41840.0,29810.0,29810.0,29810.0,29810.0,29810.0,29810.0
2019-06-24,28810.0,41840.0,28810.0,28810.0,28810.0,28810.0,28810.0,28810.0
2019-06-25,29520.0,41840.0,29520.0,29520.0,29520.0,29520.0,29520.0,29520.0
2019-06-26,29970.0,41840.0,29970.0,29970.0,29970.0,29970.0,29970.0,29970.0
2019-06-27,28890.0,40760.0,28890.0,28890.0,28890.0,28890.0,28890.0,28890.0
2019-06-28,29220.0,41090.0,29220.0,29220.0,29220.0,29220.0,29220.0,29220.0
2019-07-01,31210.0,43080.0,31210.0,31210.0,31210.0,31210.0,31210.0,31210.0
2019-07-02,32080.0,43950.0,32080.0,32080.0,32080.0,32080.0,32080.0,32080.0
2019-07-03,32520.0,44390.0,32520.0,32520.0,32520.0,32520.0,32520.0,32520.0
2019-07-05,32870.0,44740.0,32870.0,32870.0,32870.0,32870.0,32870.0,32870.0
2019-07-08,31450.0,43320.0,31450.0,31450.0,31450.0,31450.0,31450.0,31450.0
2019-07-09,32040.0,43910.0,32040.0,32040.0,32040.0,32040.0,32040.0,32040.0
2019-07-10,33960.0,45830.0,33960.0,33960.0,33960.0,33960.0,33960.0,33960.0
2019-07-11,33980.0,45850.0,33980.0,33980.0,33980.0,33980.0,33980.0,33980.0
2019-07-12,35290.0,47160.0,35290.0,35290.0,35290.0,35290.0,35290.0,35290.0
2019-07-15,35470.0,47340.0,35470.0,35470.0,35470.0,35470.0,35470.0,35470.0
2019-07-16,34710.0,46580.0,34710.0,34710.0,34710.0,34710.0,34710.0,34710.0
2019-07-17,32990.0,44860.0,32990.0,32990.0,32990.0,32990.0,32990.0,32990.0
2019-07-18,32060.0,43930.0,32060.0,32060.0,32060.0,32060.0,32060.0,32060.0
2019-07-19,30290.0,43930.0,30290.0,30290.0,30290.0,30290.0,30290.0,30290.0
2019-07-22,31270.0,44910.0,31270.0,31270.0,31270.0,31270.0,31270.0,31270.0
2019-07-23,31690.0,44910.0,31690.0,31690.0,31690.0,31690.0,31690.0,31690.0
2019-07-24,31720.0,44940.0,31720.0,31720.0,31720.0,31720.0,31720.0,31720.0
2019-07-25,33630.0,46850.0,33630.0,33630.0,33630.0,33630.0,33630.0,33630.0
2019-07-26,35060.0,48280.0,35060.0,35060.0,35060.0,35060.0,35060.0,35060.0
2019-07-29,36790.0,50010.0,36790.0,36790.0,36790.0,36790.0,36790.0,36790.0
2019-07-30,35340.0,48560.0,35340.0,35340.0,35340.0,35340.0,35340.0,35340.0
2019-07-31,33430.0,46650.0,33430.0,33430.0,33430.0,33430.0,33430.0,33430.0
2019-08-01,32280.0,45500.0,32280.0,32280.0,32280.0,32280.0,32280.0,32280.0
2019-08-02,32140.0,45360.0,32140.0,32140.0,32140.0,32140.0,32140.0,32140.0
2019-08-05,28750.0,41970.0,28750.0,28750.0,28750.0,28750.0,28750.0,28750.0
2019-08-06,32300.0,45520.0,32300.0,32300.0,32300.0,32300.0,32300.0,32300.0
2019-08-07,25330.0,38550.0,25330.0,25330.0,25330.0,25330.0,25330.0,25330.0
2019-08-08,28340.0,41560.0,28340.0,28340.0,28340.0,28340.0,28340.0,28340.0
2019-08-09,28970.0,42190.0,28970.0,28970.0,28970.0,28970.0,28970.0,28970.0
2019-08-12,26210.0,39430.0,26210.0,26210.0,26210.0,26210.0,26210.0,26210.0
2019-08-13,27460.0,40680.0,27460.0,27460.0,27460.0,27460.0,27460.0,27460.0
2019-08-14,23330.0,36550.0,23330.0,23330.0,23330.0,23330.0,23330.0,23330.0
2019-08-15,23890.0,37110.0,23890.0,23890.0,23890.0,23890.0,23890.0,23890.0
2019-08-16,25660.0,38880.0,25660.0,25660.0,25660.0,25660.0,25660.0,25660.0
2019-08-19,25750.0,38970.0,25750.0,25750.0,25750.0,25750.0,25750.0,25750.0
2019-08-20,25600.0,38820.0,25600.0,25600.0,25600.0,25600.0,25600.0,25600.0
2019-08-21,26220.0,39440.0,26220.0,26220.0,26220.0,26220.0,26220.0,26220.0
2019-08-22,26540.0,39760.0,26540.0,26540.0,26540.0,26540.0,26540.0,26540.0
2019-08-23,22160.0,35380.0,22160.0,22160.0,22160.0,22160.0,22160.0,22160.0
2019-08-26,25080.0,38300.0,25080.0,25080.0,25080.0,25080.0,25080.0,25080.0
2019-08-27,24960.0,38180.0,24960.0,24960.0,24960.0,24960.0,24960.0,24960.0
2019-08-28,27010.0,40230.0,27010.0,27010.0,27010.0,27010.0,27010.0,27010.0
2019-08-29,28290.0,41510.0,28290.0,28290.0,28290.0,28290.0,28290.0,28290.0
2019-08-30,27710.0,40930.0,27710.0,27710.0,27710.0,27710.0,27710.0,27710.0
2019-09-03,26770.0,39990.0,26770.0,26770.0,26770.0,26770.0,26770.0,26770.0
2019-09-04,28340.0,41560.0,28340.0,28340.0,28340.0,28340.0,28340.0,28340.0
2019-09-05,29280.0,42500.0,29280.0,29280.0,29280.0,29280.0,29280.0,29280.0
2019-09-06,29990.0,43210.0,29990.0,29990.0,29990.0,29990.0,29990.0,29990.0
2019-09-09,29270.0,42490.0,29270.0,29270.0,29270.0,29270.0,29270.0,29270.0
2019-09-10,26250.0,39470.0,26250.0,26250.0,26250.0,26250.0,26250.0,26250.0
2019-09-11,26650.0,39870.0,26650.0,26650.0,26650.0,26650.0,26650.0,26650.0
2019-09-12,27950.0,41170.0,27950.0,27950.0,27950.0,27950.0,27950.0,27950.0
2019-09-13,28470.0,41690.0,28470.0,28470.0,28470.0,28470.0,28470.0,28470.0
2019-09-16,26260.0,39480.0,26260.0,26260.0,26260.0,26260.0,26260.0,26260.0
2019-09-17,26770.0,39480.0,26770.0,26770.0,26770.0,26770.0,26770.0,26770.0
2019-09-18,27260.0,39480.0,27260.0,27260.0,27260.0,27260.0,27260.0,27260.0
2019-09-19,23780.0,39480.0,23780.0,23780.0,23780.0,23780.0,23780.0,23780.0
2019-09-20,22750.0,38450.0,22750.0,22750.0,22750.0,22750.0,22750.0,22750.0
2019-09-23,22940.0,38640.0,22940.0,22940.0,22940.0,22940.0,22940.0,22940.0
2019-09-24,22450.0,38150.0,22450.0,22450.0,22450.0,22450.0,22450.0,22450.0
2019-09-25,23570.0,39270.0,23570.0,23570.0,23570.0,23570.0,23570.0,23570.0
2019-09-26,21760.0,37460.0,21760.0,21760.0,21760.0,21760.0,21760.0,21760.0
2019-09-27,20460.0,36160.0,20460.0,20460.0,20460.0,20460.0,20460.0,20460.0
2019-09-30,20810.0,36510.0,20810.0,20810.0,20810.0,20810.0,20810.0,20810.0
2019-10-01,20050.0,35750.0,20050.0,20050.0,20050.0,20050.0,20050.0,20050.0
2019-10-02,19640.0,35340.0,19640.0,19640.0,19640.0,19640.0,19640.0,19640.0
2019-10-03,18660.0,34360.0,18660.0,18660.0,18660.0,18660.0,18660.0,18660.0
2019-10-04,20760.0,36460.0,20760.0,20760.0,20760.0,20760.0,20760.0,20760.0
2019-10-07,21390.0,37090.0,21390.0,21390.0,21390.0,21390.0,21390.0,21390.0
2019-10-08,18970.0,34670.0,18970.0,18970.0,18970.0,18970.0,18970.0,18970.0
2019-10-09,19830.0,35530.0,19830.0,19830.0,19830.0,19830.0,19830.0,19830.0
2019-10-10,19840.0,35540.0,19840.0,19840.0,19840.0,19840.0,19840.0,19840.0
2019-10-11,20520.0,36220.0,20520.0,20520.0,20520.0,20520.0,20520.0,20520.0
2019-10-14,20200.0,35900.0,20200.0,20200.0,20200.0,20200.0,20200.0,20200.0
2019-10-15,20260.0,35960.0,20260.0,20260.0,20260.0,20260.0,20260.0,20260.0
2019-10-16,21350.0,37050.0,21350.0,21350.0,21350.0,21350.0,21350.0,21350.0
2019-10-17,22850.0,38550.0,22850.0,22850.0,22850.0,22850.0,22850.0,22850.0
2019-10-18,21380.0,37080.0,21380.0,21380.0,21380.0,21380.0,21380.0,21380.0
2019-10-21,20750.0,36450.0,20750.0,20750.0,20750.0,20750.0,20750.0,20750.0
2019-10-22,22880.0,38580.0,22880.0,22880.0,22880.0,22880.0,22880.0,22880.0
2019-10-23,21620.0,37320.0,21620.0,21620.0,21620.0,21620.0,21620.0,21620.0
2019-10-24,20750.0,37320.0,20750.0,20750.0,20750.0,20750.0,20750.0,20750.0
2019-10-25,21390.0,37320.0,21390.0,21390.0,21390.0,21390.0,21390.0,21390.0
2019-10-28,21020.0,36950.0,21020.0,21020.0,21020.0,21020.0,21020.0,21020.0
2019-10-29,19980.0,36950.0,19980.0,19980.0,19980.0,19980.0,19980.0,19980.0
2019-10-30,20100.0,37070.0,20100.0,20100.0,20100.0,20100.0,20100.0,20100.0
2019-10-31,20420.0,37390.0,20420.0,20420.0,20420.0,20420.0,20420.0,20420.0
2019-11-01,23230.0,37390.0,23230.0,23230.0,23230.0,23230.0,23230.0,23230.0
2019-11-04,23400.0,37560.0,23400.0,23400.0,23400.0,23400.0,23400.0,23400.0
2019-11-05,21940.0,36100.0,21940.0,21940.0,21940.0,21940.0,21940.0,21940.0
2019-11-06,21760.0,35920.0,21760.0,21760.0,21760.0,21760.0,21760.0,21760.0
2019-11-07,23440.0,37600.0,23440.0,23440.0,23440.0,23440.0,23440.0,23440.0
2019-11-08,28410.0,42570.0,28410.0,28410.0,28410.0,28410.0,28410.0,28410.0
2019-11-11,27200.0,41360.0,27200.0,27200.0,27200.0,27200.0,27200.0,27200.0
2019-11-12,29020.0,43180.0,29020.0,29020.0,29020.0,29020.0,29020.0,29020.0
2019-11-13,39100.0,53260.0,39100.0,39100.0,39100.0,39100.0,39100.0,39100.0
2019-11-14,37540.0,51700.0,37540.0,37540.0,37540.0,37540.0,37540.0,37540.0
2019-11-15,35080.0,49240.0,35080.0,35080.0,35080.0,35080.0,35080.0,35080.0
2019-11-18,38040.0,52200.0,38040.0,38040.0,38040.0,38040.0,38040.0,38040.0
2019-11-19,38770.0,52930.0,38770.0,38770.0,38770.0,38770.0,38770.0,38770.0
2019-11-20,37320.0,51480.0,37320.0,37320.0,37320.0,37320.0,37320.0,37320.0
2019-11-21,37300.0,51460.0,37300.0,37300.0,37300.0,37300.0,37300.0,37300.0
2019-11-22,38680.0,52840.0,38680.0,38680.0,38680.0,38680.0,38680.0,38680.0
2019-11-25,40070.0,54230.0,40070.0,40070.0,40070.0,40070.0,40070.0,40070.0
2019-11-26,42010.0,56170.0,42010.0,42010.0,42010.0,42010.0,42010.0,42010.0
2019-11-27,41850.0,56010.0,41850.0,41850.0,41850.0,41850.0,41850.0,41850.0
2019-11-29,41950.0,56110.0,41950.0,41950.0,41950.0,41950.0,41950.0,41950.0
2019-12-02,40990.0,55150.0,40990.0,40990.0,40990.0,40990.0,40990.0,40990.0
2019-12-03,38970.0,53130.0,38970.0,38970.0,38970.0,38970.0,38970.0,38970.0
2019-12-04,38670.0,53130.0,38670.0,38670.0,38670.0,38670.0,38670.0,38670.0
2019-12-05,37830.0,53130.0,37830.0,37830.0,37830.0,37830.0,37830.0,37830.0
2019-12-06,38050.0,53350.0,38050.0,38050.0,38050.0,38050.0,38050.0,38050.0
2019-12-09,36610.0,53350.0,36610.0,36610.0,36610.0,36610.0,36610.0,36610.0
2019-12-10,36500.0,53240.0,36500.0,36500.0,36500.0,36500.0,36500.0,36500.0
2019-12-11,37980.0,54720.0,37980.0,37980.0,37980.0,37980.0,37980.0,37980.0
2019-12-12,38150.0,54890.0,38150.0,38150.0,38150.0,38150.0,38150.0,38150.0
2019-12-13,37650.0,54390.0,37650.0,37650.0,37650.0,37650.0,37650.0,37650.0
2019-12-16,39730.0,56470.0,39730.0,39730.0,39730.0,39730.0,39730.0,39730.0
2019-12-17,39000.0,55740.0,39000.0,39000.0,39000.0,39000.0,39000.0,39000.0
2019-12-18,37530.0,54270.0,37530.0,37530.0,37530.0,37530.0,37530.0,37530.0
2019-12-19,37420.0,54160.0,37420.0,37420.0,37420.0,37420.0,37420.0,37420.0
2019-12-20,38150.0,54890.0,38150.0,38150.0,38150.0,38150.0,38150.0,38150.0
2019-12-23,35950.0,52690.0,35950.0,35950.0,35950.0,35950.0,35950.0,35950.0
2019-12-24,36560.0,53300.0,36560.0,36560.0,36560.0,36560.0,36560.0,36560.0
2019-12-26,36970.0,53710.0,36970.0,36970.0,36970.0,36970.0,36970.0,36970.0
2019-12-27,37020.0,53760.0,37020.0,37020.0,37020.0,37020.0,37020.0,37020.0
2019-12-30,35040.0,51780.0,35040.0,35040.0,35040.0,35040.0,35040.0,35040.0
2019-12-31,35900.0,52640.0,35900.0,35900.0,35900.0,35900.0,35900.0,35900.0
